day,date,week,phase,sub_phase,training_phase,mesocycle,microcycle,micro_relative_difficulty,session,session_focus,physical_quality,quality_multiplier,tl_upper_fitness,tl_upper_fatigue,tl_lower_fitness,tl_lower_fatigue,test_lower,test_lower_score,test_lower_type,test_upper,test_upper_score,test_upper_type,ex1_me,ex1_reps,ex1_avg_int,ex1_lower_fit_coef,ex1_lower_fat_coef,ex1_upper_fit_coef,ex1_upper_fat_coef,ex1_lower_fit_tl,ex1_lower_fat_tl,ex1_upper_fit_tl,ex1_upper_fat_tl,ex2_me,ex2_reps,ex2_avg_int,ex2_lower_fit_coef,ex2_lower_fat_coef,ex2_upper_fit_coef,ex2_upper_fat_coef,ex2_lower_fit_tl,ex2_lower_fat_tl,ex2_upper_fit_tl,ex2_upper_fat_tl,ex3_me,ex3_reps,ex3_avg_int,ex3_lower_fit_coef,ex3_lower_fat_coef,ex3_upper_fit_coef,ex3_upper_fat_coef,ex3_lower_fit_tl,ex3_lower_fat_tl,ex3_upper_fit_tl,ex3_upper_fat_tl,ex4_me,ex4_reps,ex4_avg_int,ex4_lower_fit_coef,ex4_lower_fat_coef,ex4_upper_fit_coef,ex4_upper_fat_coef,ex4_lower_fit_tl,ex4_lower_fat_tl,ex4_upper_fit_tl,ex4_upper_fat_tl,ex5_me,ex5_reps,ex5_avg_int,ex5_lower_fit_coef,ex5_lower_fat_coef,ex5_upper_fit_coef,ex5_upper_fat_coef,ex5_lower_fit_tl,ex5_lower_fat_tl,ex5_upper_fit_tl,ex5_upper_fat_tl,ex6_me,ex6_reps,ex6_avg_int,ex6_lower_fit_coef,ex6_lower_fat_coef,ex6_upper_fit_coef,ex6_upper_fat_coef,ex6_lower_fit_tl,ex6_lower_fat_tl,ex6_upper_fit_tl,ex6_upper_fat_tl
1,1/1/2020,1,preperatory,GPP,base,1,1,medium,on,full,hypertrophy,0.6,11.97,12.91,28.31,31.10,squat,135.50,measured,bench,105.00,measured,squat,60.00,0.60,1.00,1.00,0.00,0.05,1.72,1.72,0.00,0.09,bench,58.00,0.60,0.00,0.03,1.00,1.00,0.00,0.04,1.72,1.72,leg_press,58.00,0.62,0.80,0.90,0.00,0.03,1.39,1.56,0.00,0.04,rdl,30.00,0.64,0.70,0.80,0.05,0.05,1.13,1.29,0.08,0.08,leg_extension,30.00,0.62,0.60,0.70,0.00,0.03,0.96,1.11,0.00,0.04,tricep_extension,30.00,0.64,0.00,0.00,0.20,0.20,0.00,0.00,0.32,0.32
2,1/2/2020,1,preperatory,GPP,base,1,1,,off,,,0,0.00,0.00,0.00,0.00,,,,,,,,0.00,0.00,,,,,0.00,0.00,0.00,0.00,,0.00,0.00,,,,,0.00,0.00,0.00,0.00,,0.00,0.00,,,,,0.00,0.00,0.00,0.00,,0.00,0.00,,,,,0.00,0.00,0.00,0.00,,0.00,0.00,,,,,0.00,0.00,0.00,0.00,,0.00,0.00,,,,,0.00,0.00,0.00,0.00
3,1/3/2020,1,preperatory,GPP,base,1,1,medium,on,full,hypertrophy,0.6,13.07,17.36,21.01,23.10,squat,133.40,predicted,bench,104.80,predicted,squat,60.00,0.65,1.00,1.00,0.00,0.05,1.77,1.77,0.00,0.09,bench,61.00,0.65,0.00,0.03,1.00,1.00,0.00,0.04,1.77,1.77,pullup,24.00,0.60,0.00,0.03,0.20,0.50,0.00,0.04,0.31,0.76,leg_extension,40.00,0.65,0.60,0.70,0.00,0.03,1.01,1.18,0.00,0.04,rdl,40.00,0.63,0.70,0.80,0.05,0.05,1.16,1.33,0.08,0.08,bicep_curl,30.00,0.63,0.00,0.00,0.05,0.20,0.00,0.00,0.08,0.32
4,1/4/2020,1,preperatory,GPP,base,1,1,,off,,,0,0.00,0.00,0.00,0.00,,,,,,,,0.00,0.00,,,,,0.00,0.00,0.00,0.00,,0.00,0.00,,,,,0.00,0.00,0.00,0.00,,0.00,0.00,,,,,0.00,0.00,0.00,0.00,,0.00,0.00,,,,,0.00,0.00,0.00,0.00,,0.00,0.00,,,,,0.00,0.00,0.00,0.00,,0.00,0.00,,,,,0.00,0.00,0.00,0.00
5,1/5/2020,1,preperatory,GPP,base,1,1,hard,on,full,hypertrophy,0.6,19.35,20.08,21.97,24.15,squat,133.70,predicted,bench,103.20,predicted,squat,35.00,0.83,1.00,1.00,0.00,0.05,1.81,1.81,0.00,0.09,bench,35.00,0.83,0.00,0.03,1.00,1.00,0.00,0.05,1.81,1.81,rdl,40.00,0.63,0.70,0.80,0.05,0.05,1.16,1.33,0.08,0.08,overhead_press,30.00,0.69,0.00,0.03,0.80,0.80,0.00,0.04,1.32,1.32,hamstring_curl,30.00,0.69,0.60,0.70,0.00,0.03,0.99,1.16,0.00,0.04,tricep_extension,30.00,0.64,0.00,0.00,0.20,0.20,0.00,0.00,0.32,0.32
6,1/6/2020,1,preperatory,GPP,base,1,1,,off,,,0,0.00,0.00,0.00,0.00,,,,,,,,0.00,0.00,,,,,0.00,0.00,0.00,0.00,,0.00,0.00,,,,,0.00,0.00,0.00,0.00,,0.00,0.00,,,,,0.00,0.00,0.00,0.00,,0.00,0.00,,,,,0.00,0.00,0.00,0.00,,0.00,0.00,,,,,0.00,0.00,0.00,0.00,,0.00,0.00,,,,,0.00,0.00,0.00,0.00
7,1/7/2020,1,preperatory,GPP,base,1,1,medium,on,full,hypertrophy,0.6,11.81,13.76,29.30,32.15,squat,135.30,predicted,bench,103.20,predicted,squat,60.00,0.75,1.00,1.00,0.00,0.05,1.86,1.86,0.00,0.09,bench,59.00,0.75,0.00,0.03,1.00,1.00,0.00,0.05,1.85,1.85,leg_press,58.00,0.65,0.80,0.90,0.00,0.03,1.41,1.59,0.00,0.04,hamstring_curl,30.00,0.66,0.60,0.70,0.00,0.03,0.98,1.14,0.00,0.04,rdl,30.00,0.66,0.70,0.80,0.05,0.05,1.14,1.30,0.08,0.08,bicep_curl,30.00,0.63,0.00,0.00,0.05,0.20,0.00,0.00,0.08,0.32
8,1/8/2020,2,preperatory,GPP,base,1,2,,off,,,0,0.00,0.00,0.00,0.00,,,,,,,,0.00,0.00,,,,,0.00,0.00,0.00,0.00,,0.00,0.00,,,,,0.00,0.00,0.00,0.00,,0.00,0.00,,,,,0.00,0.00,0.00,0.00,,0.00,0.00,,,,,0.00,0.00,0.00,0.00,,0.00,0.00,,,,,0.00,0.00,0.00,0.00,,0.00,0.00,,,,,0.00,0.00,0.00,0.00
9,1/9/2020,2,preperatory,GPP,base,1,2,hard,on,upper,hypertrophy,0.6,27.13,27.13,0.00,0.68,,,,bench,104.10,predicted,bench,60.00,0.78,0.00,0.03,1.00,1.00,0.00,0.05,1.88,1.88,incline_press,40.00,0.71,0.00,0.03,0.80,0.80,0.00,0.04,1.39,1.39,db_pullover,40.00,0.70,0.00,0.01,0.30,0.30,0.00,0.01,0.52,0.52,db_fly,30.00,0.68,0.00,0.01,0.30,0.30,0.00,0.01,0.49,0.49,lateral_raise,35.00,0.68,0.00,0.01,0.10,0.10,0.00,0.01,0.17,0.17,tricep_extension,30.00,0.65,0.00,0.00,0.20,0.20,0.00,0.00,0.32,0.32
10,1/10/2020,2,preperatory,GPP,base,1,2,hard,on,lower,hypertrophy,0.6,0.52,1.88,41.43,45.69,squat,133.20,predicted,,,,squat,60.00,0.75,1.00,1.00,0.00,0.05,1.86,1.86,0.00,0.09,rdl,42.00,0.69,0.70,0.80,0.05,0.05,1.21,1.38,0.09,0.09,leg_press,60.00,0.65,0.80,0.90,0.00,0.03,1.42,1.59,0.00,0.04,weighted_lunge,28.00,0.68,0.80,0.90,0.00,0.03,1.31,1.47,0.00,0.04,hamstring_curl,28.00,0.68,0.60,0.70,0.00,0.03,0.98,1.14,0.00,0.04,leg_extension,40.00,0.63,0.60,0.70,0.00,0.03,1.00,1.16,0.00,0.04
11,1/11/2020,2,preperatory,GPP,base,1,2,,off,,,0,0.00,0.00,0.00,0.00,,,,,,,,0.00,0.00,,,,,0.00,0.00,0.00,0.00,,0.00,0.00,,,,,0.00,0.00,0.00,0.00,,0.00,0.00,,,,,0.00,0.00,0.00,0.00,,0.00,0.00,,,,,0.00,0.00,0.00,0.00,,0.00,0.00,,,,,0.00,0.00,0.00,0.00,,0.00,0.00,,,,,0.00,0.00,0.00,0.00
12,1/12/2020,2,preperatory,GPP,base,1,2,hard,on,upper,hypertrophy,0.6,32.95,32.95,0.00,0.86,,,,bench,102.50,predicted,bench,60.00,0.73,0.00,0.03,1.00,1.00,0.00,0.05,1.84,1.84,overhead_press,30.00,0.74,0.00,0.03,0.80,0.80,0.00,0.04,1.36,1.36,incline_press,40.00,0.65,0.00,0.03,0.80,0.80,0.00,0.04,1.35,1.35,db_pullover,30.00,0.71,0.00,0.01,0.30,0.30,0.00,0.01,0.50,0.50,db_fly,30.00,0.71,0.00,0.01,0.30,0.30,0.00,0.01,0.50,0.50,tricep_extension,30.00,0.65,0.00,0.00,0.20,0.20,0.00,0.00,0.32,0.32
13,1/13/2020,2,preperatory,GPP,base,1,2,hard,on,lower,hypertrophy,0.6,0.51,1.87,40.40,44.61,squat,132.90,predicted,,,,squat,60.00,0.76,1.00,1.00,0.00,0.05,1.87,1.87,0.00,0.09,rdl,30.00,0.76,0.70,0.80,0.05,0.05,1.20,1.37,0.09,0.09,hamstring_curl,40.00,0.65,0.60,0.70,0.00,0.03,1.01,1.18,0.00,0.04,leg_press,30.00,0.69,0.80,0.90,0.00,0.03,1.32,1.49,0.00,0.04,leg_extension,27.00,0.69,0.60,0.70,0.00,0.03,0.98,1.14,0.00,0.04,weighted_stepup,30.00,0.66,0.80,0.90,0.00,0.03,1.30,1.47,0.00,0.04
14,1/14/2020,2,preperatory,GPP,base,1,2,medium,on,upper,hypertrophy,0.6,26.52,28.98,0.00,0.81,,,,bench,105.30,predicted,bench,40.00,0.78,0.00,0.03,1.00,1.00,0.00,0.04,1.80,1.80,incline_press,35.00,0.65,0.00,0.03,0.80,0.80,0.00,0.04,1.32,1.32,db_pullover,30.00,0.63,0.00,0.01,0.30,0.30,0.00,0.01,0.48,0.48,pullup,30.00,0.64,0.00,0.03,0.20,0.50,0.00,0.04,0.32,0.81,db_fly,30.00,0.64,0.00,0.01,0.30,0.30,0.00,0.01,0.48,0.48,tricep_extension,30.00,0.63,0.00,0.00,0.20,0.20,0.00,0.00,0.32,0.32
15,1/15/2020,3,preperatory,GPP,base,1,3,,off,,,0,0.00,0.00,0.00,0.00,,,,,,,,0.00,0.00,,,,,0.00,0.00,0.00,0.00,,0.00,0.00,,,,,0.00,0.00,0.00,0.00,,0.00,0.00,,,,,0.00,0.00,0.00,0.00,,0.00,0.00,,,,,0.00,0.00,0.00,0.00,,0.00,0.00,,,,,0.00,0.00,0.00,0.00,,0.00,0.00,,,,,0.00,0.00,0.00,0.00
16,1/16/2020,3,preperatory,GPP,base,1,3,light,on,lower,hypertrophy,0.6,0.47,1.78,39.92,44.11,squat,136.20,predicted,,,,squat,38.00,0.65,1.00,1.00,0.00,0.05,1.67,1.67,0.00,0.08,leg_press,60.00,0.60,0.80,0.90,0.00,0.03,1.38,1.55,0.00,0.04,rdl,40.00,0.61,0.70,0.80,0.05,0.05,1.15,1.32,0.08,0.08,weighted_lunge,45.00,0.62,0.80,0.90,0.00,0.03,1.34,1.51,0.00,0.04,hamstring_curl,40.00,0.61,0.60,0.70,0.00,0.03,0.99,1.15,0.00,0.04,leg_extension,29.00,0.64,0.60,0.70,0.00,0.03,0.96,1.12,0.00,0.04
17,1/17/2020,3,preperatory,GPP,base,1,3,,off,,,0,0.00,0.00,0.00,0.00,,,,,,,,0.00,0.00,,,,,0.00,0.00,0.00,0.00,,0.00,0.00,,,,,0.00,0.00,0.00,0.00,,0.00,0.00,,,,,0.00,0.00,0.00,0.00,,0.00,0.00,,,,,0.00,0.00,0.00,0.00,,0.00,0.00,,,,,0.00,0.00,0.00,0.00,,0.00,0.00,,,,,0.00,0.00,0.00,0.00
18,1/18/2020,3,preperatory,GPP,base,1,3,medium,on,full,hypertrophy,0.6,20.95,22.22,17.47,19.09,squat,138.00,measured,bench,108.50,measured,squat,39.00,0.80,1.00,1.00,0.00,0.05,1.81,1.81,0.00,0.09,bench,40.00,0.85,0.00,0.03,1.00,1.00,0.00,0.05,1.86,1.86,rdl,36.00,0.65,0.70,0.80,0.05,0.05,1.16,1.33,0.08,0.08,incline_press,30.00,0.65,0.00,0.03,0.80,0.80,0.00,0.04,1.30,1.30,row,30.00,0.65,0.00,0.03,0.20,0.30,0.00,0.04,0.32,0.49,tricep_extension,30.00,0.66,0.00,0.00,0.20,0.20,0.00,0.00,0.33,0.33
19,1/19/2020,3,preperatory,GPP,base,1,3,,off,,,0,0.00,0.00,0.00,0.00,,,,,,,,0.00,0.00,,,,,0.00,0.00,0.00,0.00,,0.00,0.00,,,,,0.00,0.00,0.00,0.00,,0.00,0.00,,,,,0.00,0.00,0.00,0.00,,0.00,0.00,,,,,0.00,0.00,0.00,0.00,,0.00,0.00,,,,,0.00,0.00,0.00,0.00,,0.00,0.00,,,,,0.00,0.00,0.00,0.00
20,1/20/2020,3,preperatory,GPP,base,1,3,medium,on,full,hypertrophy,0.6,19.47,22.38,21.25,23.49,squat,137.60,predicted,bench,106.70,predicted,squat,42.00,0.78,1.00,1.00,0.00,0.05,1.81,1.81,0.00,0.09,bench,42.00,0.78,0.00,0.03,1.00,1.00,0.00,0.05,1.81,1.81,rdl,36.00,0.65,0.70,0.80,0.05,0.05,1.16,1.33,0.08,0.08,incline_press,30.00,0.67,0.00,0.03,0.80,0.80,0.00,0.04,1.31,1.31,pullup,30.00,0.67,0.00,0.03,0.20,0.50,0.00,0.04,0.33,0.82,hamstring_curl,30.00,0.65,0.60,0.70,0.00,0.03,0.97,1.13,0.00,0.04
21,1/21/2020,3,preperatory,GPP,base,1,3,light,on,upper,hypertrophy,0.6,15.72,20.89,0.00,0.80,,,,,,,pullup,43.00,0.65,0.00,0.03,0.20,0.50,0.00,0.04,0.34,0.85,row,40.00,0.64,0.00,0.03,0.20,0.30,0.00,0.04,0.33,0.50,incline_press,40.00,0.61,0.00,0.03,0.80,0.80,0.00,0.04,1.32,1.32,db_pullover,35.00,0.61,0.00,0.01,0.30,0.30,0.00,0.01,0.48,0.48,bicep_curl,40.00,0.61,0.00,0.00,0.05,0.20,0.00,0.00,0.08,0.33,tricep_extension,40.00,0.67,0.00,0.00,0.20,0.20,0.00,0.00,0.34,0.34
22,1/22/2020,4,preperatory,GPP,volume,2,4,medium,on,lower,strength_endurance,0.8,14.34,15.02,22.64,24.27,squat,137.10,predicted,bench,107.80,predicted,squat,40.00,0.68,1.00,1.00,0.00,0.05,1.71,1.71,0.00,0.09,bench,39.00,0.69,0.00,0.03,1.00,1.00,0.00,0.04,1.71,1.71,rdl,32.00,0.71,0.70,0.80,0.05,0.05,1.18,1.35,0.08,0.08,,0.00,0.00,,,,,0.00,0.00,0.00,0.00,,0.00,0.00,,,,,0.00,0.00,0.00,0.00,,0.00,0.00,,,,,0.00,0.00,0.00,0.00
23,1/23/2020,4,preperatory,GPP,volume,2,4,,off,,,0,0.00,0.00,0.00,0.00,,,,,,,,0.00,0.00,,,,,0.00,0.00,0.00,0.00,,0.00,0.00,,,,,0.00,0.00,0.00,0.00,,0.00,0.00,,,,,0.00,0.00,0.00,0.00,,0.00,0.00,,,,,0.00,0.00,0.00,0.00,,0.00,0.00,,,,,0.00,0.00,0.00,0.00,,0.00,0.00,,,,,0.00,0.00,0.00,0.00
24,1/24/2020,4,preperatory,GPP,volume,2,4,,off,,,0,0.00,0.00,0.00,0.00,,,,,,,,0.00,0.00,,,,,0.00,0.00,0.00,0.00,,0.00,0.00,,,,,0.00,0.00,0.00,0.00,,0.00,0.00,,,,,0.00,0.00,0.00,0.00,,0.00,0.00,,,,,0.00,0.00,0.00,0.00,,0.00,0.00,,,,,0.00,0.00,0.00,0.00,,0.00,0.00,,,,,0.00,0.00,0.00,0.00
25,1/25/2020,4,preperatory,GPP,volume,2,4,medium,on,upper,strength_endurance,0.8,38.62,43.71,0.00,1.29,,,,bench,107.30,predicted,bench,41.00,0.71,0.00,0.03,1.00,1.00,0.00,0.04,1.74,1.74,incline_press,42.00,0.72,0.00,0.03,0.80,0.80,0.00,0.04,1.40,1.40,pullup,20.00,0.70,0.00,0.03,0.20,0.50,0.00,0.04,0.32,0.79,overhead_press,30.00,0.66,0.00,0.03,0.80,0.80,0.00,0.04,1.30,1.30,bicep_curl,35.00,0.66,0.00,0.00,0.05,0.20,0.00,0.00,0.08,0.33,tricep_extension,30.00,0.68,0.00,0.00,0.20,0.20,0.00,0.00,0.33,0.33
26,1/26/2020,4,preperatory,GPP,volume,2,4,hard,on,lower,strength_endurance,0.8,0.00,1.79,47.39,51.83,squat,138.80,predicted,,,,squat,38.00,0.68,1.00,1.00,0.00,0.05,1.70,1.70,0.00,0.08,leg_press,60.00,0.67,0.80,0.90,0.00,0.03,1.43,1.61,0.00,0.04,rdl,,,0.70,0.80,0.05,0.05,0.00,0.00,0.00,0.00,weighted_lunge,45.00,0.65,0.80,0.90,0.00,0.03,1.37,1.54,0.00,0.04,weighted_stepup,40.00,0.62,0.80,0.90,0.00,0.03,1.32,1.49,0.00,0.04,leg_extension,30.00,0.68,0.60,0.70,0.00,0.03,0.99,1.15,0.00,0.04
27,1/27/2020,4,preperatory,GPP,volume,2,4,medium,on,upper,strength_endurance,0.8,35.61,39.20,0.00,1.12,,,,bench,109.20,predicted,bench,39.00,0.72,0.00,0.03,1.00,1.00,0.00,0.04,1.74,1.74,overhead_press,38.00,0.78,0.00,0.03,0.80,0.80,0.00,0.04,1.43,1.43,pullup,20.00,0.70,0.00,0.03,0.20,0.50,0.00,0.04,0.32,0.79,db_pullover,30.00,0.64,0.00,0.01,0.30,0.30,0.00,0.01,0.48,0.48,db_fly,30.00,0.64,0.00,0.01,0.30,0.30,0.00,0.01,0.48,0.48,tricep_extension,30.00,0.66,0.00,0.00,0.20,0.20,0.00,0.00,0.33,0.33
28,1/28/2020,4,preperatory,GPP,volume,2,4,,off,,,0,0.00,0.00,0.00,0.00,,,,,,,,0.00,0.00,,,,,0.00,0.00,0.00,0.00,,0.00,0.00,,,,,0.00,0.00,0.00,0.00,,0.00,0.00,,,,,0.00,0.00,0.00,0.00,,0.00,0.00,,,,,0.00,0.00,0.00,0.00,,0.00,0.00,,,,,0.00,0.00,0.00,0.00,,0.00,0.00,,,,,0.00,0.00,0.00,0.00
29,1/29/2020,5,preperatory,GPP,volume,2,5,hard,on,lower,strength_endurance,0.8,23.97,25.14,34.09,37.85,squat,137.90,predicted,,,,squat,47.00,0.70,1.00,1.00,0.00,0.05,1.76,1.76,0.00,0.09,bench,47.00,0.72,0.00,0.03,1.00,1.00,0.00,0.04,1.78,1.78,rdl,26.00,0.76,0.70,0.80,0.05,0.05,1.18,1.35,0.08,0.08,incline_press,30.00,0.71,0.00,0.03,0.80,0.80,0.00,0.04,1.34,1.34,hamstring_curl,40.00,0.63,0.60,0.70,0.00,0.03,1.00,1.16,0.00,0.04,leg_extension,32.00,0.63,0.60,0.70,0.00,0.03,0.97,1.13,0.00,0.04
30,1/30/2020,5,preperatory,GPP,volume,2,5,,off,,,0,0.00,0.00,0.00,0.00,,,,,,,,0.00,0.00,,,,,0.00,0.00,0.00,0.00,,0.00,0.00,,,,,0.00,0.00,0.00,0.00,,0.00,0.00,,,,,0.00,0.00,0.00,0.00,,0.00,0.00,,,,,0.00,0.00,0.00,0.00,,0.00,0.00,,,,,0.00,0.00,0.00,0.00,,0.00,0.00,,,,,0.00,0.00,0.00,0.00
31,1/31/2020,5,preperatory,GPP,volume,2,5,hard,on,upper,strength_endurance,0.8,41.43,46.16,0.00,1.38,,,,bench,107.50,predicted,bench,49.00,0.72,0.00,0.03,1.00,1.00,0.00,0.04,1.79,1.79,incline_press,38.00,0.75,0.00,0.03,0.80,0.80,0.00,0.04,1.41,1.41,overhead_press,26.00,0.78,0.00,0.03,0.80,0.80,0.00,0.04,1.36,1.36,pullup,32.00,0.72,0.00,0.03,0.20,0.50,0.00,0.04,0.34,0.85,db_pullover,22.00,0.64,0.00,0.01,0.30,0.30,0.00,0.01,0.46,0.46,bicep_curl,30.00,0.67,0.00,0.00,0.05,0.20,0.00,0.00,0.08,0.33
32,2/1/2020,5,preperatory,GPP,volume,2,5,hard,on,lower,strength_endurance,0.8,0.69,2.45,55.88,61.49,squat,136.90,predicted,,,,squat,50.00,0.68,1.00,1.00,0.00,0.05,1.76,1.76,0.00,0.09,rdl,40.00,0.70,0.70,0.80,0.05,0.05,1.21,1.38,0.09,0.09,leg_press,26.00,0.83,0.80,0.90,0.00,0.03,1.40,1.57,0.00,0.04,weighted_lunge,30.00,0.69,0.80,0.90,0.00,0.03,1.32,1.49,0.00,0.04,weighted_stepup,26.00,0.63,0.80,0.90,0.00,0.03,1.26,1.41,0.00,0.04,leg_extension,30.00,0.63,0.60,0.70,0.00,0.03,0.96,1.12,0.00,0.04
33,2/2/2020,5,preperatory,GPP,volume,2,5,hard,on,upper,strength_endurance,0.8,24.07,29.72,0.00,1.14,,,,,,,pullup,52.00,0.69,0.00,0.03,0.20,0.50,0.00,0.04,0.35,0.89,row,38.00,0.73,0.00,0.03,0.20,0.30,0.00,0.04,0.35,0.52,incline_press,26.00,0.80,0.00,0.03,0.80,0.80,0.00,0.04,1.38,1.38,db_fly,32.00,0.68,0.00,0.01,0.30,0.30,0.00,0.01,0.50,0.50,db_pullover,28.00,0.66,0.00,0.01,0.30,0.30,0.00,0.01,0.48,0.48,tricep_extension,32.00,0.64,0.00,0.00,0.20,0.20,0.00,0.00,0.32,0.32
34,2/3/2020,5,preperatory,GPP,volume,2,5,,off,,,0,0.00,0.00,0.00,0.00,,,,,,,,0.00,0.00,,,,,0.00,0.00,0.00,0.00,,0.00,0.00,,,,,0.00,0.00,0.00,0.00,,0.00,0.00,,,,,0.00,0.00,0.00,0.00,,0.00,0.00,,,,,0.00,0.00,0.00,0.00,,0.00,0.00,,,,,0.00,0.00,0.00,0.00,,0.00,0.00,,,,,0.00,0.00,0.00,0.00
35,2/4/2020,5,preperatory,GPP,volume,2,5,,off,,,0,0.00,0.00,0.00,0.00,,,,,,,,0.00,0.00,,,,,0.00,0.00,0.00,0.00,,0.00,0.00,,,,,0.00,0.00,0.00,0.00,,0.00,0.00,,,,,0.00,0.00,0.00,0.00,,0.00,0.00,,,,,0.00,0.00,0.00,0.00,,0.00,0.00,,,,,0.00,0.00,0.00,0.00,,0.00,0.00,,,,,0.00,0.00,0.00,0.00
36,2/5/2020,6,preperatory,GPP,volume,2,6,light,on,lower,strength_endurance,0.8,0.66,2.46,54.49,60.24,squat,140.50,measured,,,,squat,42.00,0.70,1.00,1.00,0.00,0.05,1.74,1.74,0.00,0.09,leg_press,48.00,0.69,0.80,0.90,0.00,0.03,1.41,1.58,0.00,0.04,rdl,50.00,0.66,0.70,0.80,0.05,0.05,1.22,1.39,0.09,0.09,hamstring_curl,40.00,0.66,0.60,0.70,0.00,0.03,1.01,1.18,0.00,0.04,weighted_stepup,46.00,0.60,0.80,0.90,0.00,0.03,1.33,1.50,0.00,0.04,leg_extension,46.00,0.60,0.60,0.70,0.00,0.03,1.00,1.17,0.00,0.04
37,2/6/2020,6,preperatory,GPP,volume,2,6,medium,on,upper,strength_endurance,0.8,43.84,43.84,0.00,1.15,,,,bench,110.00,measured,bench,45.00,0.68,0.00,0.03,1.00,1.00,0.00,0.04,1.73,1.73,overhead_press,38.00,0.78,0.00,0.03,0.80,0.80,0.00,0.04,1.43,1.43,incline_press,36.00,0.75,0.00,0.03,0.80,0.80,0.00,0.04,1.40,1.40,db_pullover,29.00,0.65,0.00,0.01,0.30,0.30,0.00,0.01,0.48,0.48,db_fly,30.00,0.68,0.00,0.01,0.30,0.30,0.00,0.01,0.49,0.49,tricep_extension,30.00,0.63,0.00,0.00,0.20,0.20,0.00,0.00,0.32,0.32
38,2/7/2020,6,preperatory,GPP,volume,2,6,,off,,,0,0.00,0.00,0.00,0.00,,,,,,,,0.00,0.00,,,,,0.00,0.00,0.00,0.00,,0.00,0.00,,,,,0.00,0.00,0.00,0.00,,0.00,0.00,,,,,0.00,0.00,0.00,0.00,,0.00,0.00,,,,,0.00,0.00,0.00,0.00,,0.00,0.00,,,,,0.00,0.00,0.00,0.00,,0.00,0.00,,,,,0.00,0.00,0.00,0.00
39,2/8/2020,6,preperatory,GPP,volume,2,6,,off,,,0,0.00,0.00,0.00,0.00,,,,,,,,0.00,0.00,,,,,0.00,0.00,0.00,0.00,,0.00,0.00,,,,,0.00,0.00,0.00,0.00,,0.00,0.00,,,,,0.00,0.00,0.00,0.00,,0.00,0.00,,,,,0.00,0.00,0.00,0.00,,0.00,0.00,,,,,0.00,0.00,0.00,0.00,,0.00,0.00,,,,,0.00,0.00,0.00,0.00
40,2/9/2020,6,preperatory,GPP,volume,2,6,light,on,upper,strength_endurance,0.8,39.50,40.98,0.00,1.04,,,,bench,109.90,predicted,bench,45.00,0.68,0.00,0.03,1.00,1.00,0.00,0.04,1.73,1.73,incline_press,36.00,0.70,0.00,0.03,0.80,0.80,0.00,0.04,1.36,1.36,db_pullover,36.00,0.70,0.00,0.01,0.30,0.30,0.00,0.01,0.51,0.51,overhead_press,27.00,0.64,0.00,0.03,0.80,0.80,0.00,0.04,1.27,1.27,bicep_curl,30.00,0.68,0.00,0.00,0.05,0.20,0.00,0.00,0.08,0.33,tricep_extension,32.00,0.66,0.00,0.00,0.20,0.20,0.00,0.00,0.33,0.33
41,2/10/2020,6,preperatory,GPP,volume,2,6,medium,on,lower,strength_endurance,0.8,0.70,2.44,54.97,60.55,squat,142.30,predicted,,,,squat,42.00,0.70,1.00,1.00,0.00,0.05,1.74,1.74,0.00,0.09,rdl,42.00,0.72,0.70,0.80,0.05,0.05,1.23,1.40,0.09,0.09,leg_press,38.00,0.70,0.80,0.90,0.00,0.03,1.37,1.54,0.00,0.04,leg_extension,30.00,0.63,0.60,0.70,0.00,0.03,0.96,1.12,0.00,0.04,weighted_stepup,26.00,0.65,0.80,0.90,0.00,0.03,1.27,1.43,0.00,0.04,weighted_lunge,30.00,0.63,0.80,0.90,0.00,0.03,1.28,1.44,0.00,0.04
42,2/11/2020,6,preperatory,GPP,volume,2,6,,off,,,0,0.00,0.00,0.00,0.00,,,,,,,,0.00,0.00,,,,,0.00,0.00,0.00,0.00,,0.00,0.00,,,,,0.00,0.00,0.00,0.00,,0.00,0.00,,,,,0.00,0.00,0.00,0.00,,0.00,0.00,,,,,0.00,0.00,0.00,0.00,,0.00,0.00,,,,,0.00,0.00,0.00,0.00,,0.00,0.00,,,,,0.00,0.00,0.00,0.00
43,2/12/2020,7,preperatory,SPP,intensity,3,7,,off,,,0,0.00,0.00,0.00,0.00,,,,,,,,0.00,0.00,,,,,0.00,0.00,0.00,0.00,,0.00,0.00,,,,,0.00,0.00,0.00,0.00,,0.00,0.00,,,,,0.00,0.00,0.00,0.00,,0.00,0.00,,,,,0.00,0.00,0.00,0.00,,0.00,0.00,,,,,0.00,0.00,0.00,0.00,,0.00,0.00,,,,,0.00,0.00,0.00,0.00
44,2/13/2020,7,preperatory,SPP,intensity,3,7,medium,on,upper,max_strength,1,48.76,50.66,0.00,1.30,,,,bench,110.90,predicted,bench,15.00,0.85,0.00,0.03,1.00,1.00,0.00,0.04,1.64,1.64,incline_press,15.00,0.86,0.00,0.03,0.80,0.80,0.00,0.04,1.32,1.32,overhead_press,15.00,0.83,0.00,0.03,0.80,0.80,0.00,0.04,1.30,1.30,db_pullover,28.00,0.62,0.00,0.01,0.30,0.30,0.00,0.01,0.47,0.47,bicep_curl,40.00,0.66,0.00,0.00,0.05,0.20,0.00,0.00,0.08,0.34,tricep_extension,30.00,0.62,0.00,0.00,0.20,0.20,0.00,0.00,0.32,0.32
45,2/14/2020,7,preperatory,SPP,intensity,3,7,medium,on,lower,max_strength,1,0.77,2.90,66.95,73.71,squat,141.50,measured,,,,squat,15.00,0.85,1.00,1.00,0.00,0.05,1.64,1.64,0.00,0.08,leg_press,15.00,0.85,0.80,0.90,0.00,0.03,1.32,1.48,0.00,0.04,rdl,15.00,0.82,0.70,0.80,0.05,0.05,1.13,1.29,0.08,0.08,weighted_lunge,28.00,0.62,0.80,0.90,0.00,0.03,1.26,1.42,0.00,0.04,weighted_stepup,32.00,0.63,0.80,0.90,0.00,0.03,1.29,1.45,0.00,0.04,hamstring_curl,30.00,0.61,0.60,0.70,0.00,0.03,0.95,1.11,0.00,0.04
46,2/15/2020,7,preperatory,SPP,intensity,3,7,,off,,,0,0.00,0.00,0.00,0.00,,,,,,,,0.00,0.00,,,,,0.00,0.00,0.00,0.00,,0.00,0.00,,,,,0.00,0.00,0.00,0.00,,0.00,0.00,,,,,0.00,0.00,0.00,0.00,,0.00,0.00,,,,,0.00,0.00,0.00,0.00,,0.00,0.00,,,,,0.00,0.00,0.00,0.00,,0.00,0.00,,,,,0.00,0.00,0.00,0.00
47,2/16/2020,7,preperatory,SPP,intensity,3,7,hard,on,upper,max_strength,1,51.32,52.88,0.00,1.38,,,,bench,109.50,predicted,bench,16.00,0.90,0.00,0.03,1.00,1.00,0.00,0.04,1.70,1.70,overhead_press,15.00,0.89,0.00,0.03,0.80,0.80,0.00,0.04,1.34,1.34,incline_press,15.00,0.86,0.00,0.03,0.80,0.80,0.00,0.04,1.32,1.32,db_fly,20.00,0.71,0.00,0.01,0.30,0.30,0.00,0.01,0.48,0.48,db_pullover,32.00,0.68,0.00,0.01,0.30,0.30,0.00,0.01,0.50,0.50,bicep_curl,30.00,0.63,0.00,0.00,0.05,0.20,0.00,0.00,0.08,0.32
48,2/17/2020,7,preperatory,SPP,intensity,3,7,medium,on,lower,max_strength,1,1.08,4.12,68.22,75.12,squat,140.00,measured,,,,squat,13.00,0.90,1.00,1.00,0.00,0.05,1.66,1.66,0.00,0.08,hex_deadlift,15.00,0.85,0.80,0.90,0.03,0.10,1.32,1.48,0.04,0.16,leg_press,40.00,0.65,0.80,0.90,0.00,0.03,1.35,1.51,0.00,0.04,rdl,28.00,0.62,0.70,0.80,0.05,0.05,1.10,1.26,0.08,0.08,weighted_stepup,29.00,0.66,0.80,0.90,0.00,0.03,1.30,1.46,0.00,0.04,leg_extension,40.00,0.66,0.60,0.70,0.00,0.03,1.01,1.18,0.00,0.04
49,2/18/2020,7,preperatory,SPP,intensity,3,7,,off,,,0,0.00,0.00,0.00,0.00,,,,,,,,0.00,0.00,,,,,0.00,0.00,0.00,0.00,,0.00,0.00,,,,,0.00,0.00,0.00,0.00,,0.00,0.00,,,,,0.00,0.00,0.00,0.00,,0.00,0.00,,,,,0.00,0.00,0.00,0.00,,0.00,0.00,,,,,0.00,0.00,0.00,0.00,,0.00,0.00,,,,,0.00,0.00,0.00,0.00
50,2/19/2020,8,preperatory,SPP,intensity,3,8,,off,,,0,0.00,0.00,0.00,0.00,,,,,,,,0.00,0.00,,,,,0.00,0.00,0.00,0.00,,0.00,0.00,,,,,0.00,0.00,0.00,0.00,,0.00,0.00,,,,,0.00,0.00,0.00,0.00,,0.00,0.00,,,,,0.00,0.00,0.00,0.00,,0.00,0.00,,,,,0.00,0.00,0.00,0.00,,0.00,0.00,,,,,0.00,0.00,0.00,0.00
51,2/20/2020,8,preperatory,SPP,intensity,3,8,hard,on,upper,max_strength,1,52.24,55.89,0.00,1.63,,,,bench,109.80,predicted,bench,19.00,0.89,0.00,0.03,1.00,1.00,0.00,0.04,1.73,1.73,overhead_press,12.00,0.90,0.00,0.03,0.80,0.80,0.00,0.04,1.31,1.31,incline_press,20.00,0.85,0.00,0.03,0.80,0.80,0.00,0.04,1.37,1.37,db_fly,30.00,0.71,0.00,0.01,0.30,0.30,0.00,0.01,0.50,0.50,pullup,26.00,0.69,0.00,0.03,0.20,0.50,0.00,0.04,0.32,0.81,tricep_extension,35.00,0.64,0.00,0.00,0.20,0.20,0.00,0.00,0.33,0.33
52,2/21/2020,8,preperatory,SPP,intensity,3,8,hard,on,lower,max_strength,1,1.10,3.87,59.95,65.76,squat,139.50,predicted,,,,squat,17.00,0.91,1.00,1.00,0.00,0.05,1.72,1.72,0.00,0.09,barbell_deadlift,10.00,0.90,0.80,0.90,0.03,0.10,1.28,1.44,0.04,0.16,leg_press,30.00,0.72,0.80,0.90,0.00,0.03,1.35,1.51,0.00,0.04,rdl,30.00,0.69,0.70,0.80,0.05,0.05,1.16,1.32,0.08,0.08,hamstring_curl,23.00,0.71,0.60,0.70,0.00,0.03,0.97,1.13,0.00,0.04,,0.00,0.00,,,,,0.00,0.00,0.00,0.00
53,2/22/2020,8,preperatory,SPP,intensity,3,8,,off,,,0,0.00,0.00,0.00,0.00,,,,,,,,0.00,0.00,,,,,0.00,0.00,0.00,0.00,,0.00,0.00,,,,,0.00,0.00,0.00,0.00,,0.00,0.00,,,,,0.00,0.00,0.00,0.00,,0.00,0.00,,,,,0.00,0.00,0.00,0.00,,0.00,0.00,,,,,0.00,0.00,0.00,0.00,,0.00,0.00,,,,,0.00,0.00,0.00,0.00
54,2/23/2020,8,preperatory,SPP,intensity,3,8,hard,on,upper,max_strength,1,52.17,53.77,0.00,1.40,,,,bench,107.60,predicted,bench,12.00,0.95,0.00,0.03,1.00,1.00,0.00,0.04,1.69,1.69,incline_press,24.00,0.84,0.00,0.03,0.80,0.80,0.00,0.04,1.39,1.39,overhead_press,20.00,0.85,0.00,0.03,0.80,0.80,0.00,0.04,1.37,1.37,db_pullover,30.00,0.69,0.00,0.01,0.30,0.30,0.00,0.01,0.50,0.50,db_fly,32.00,0.66,0.00,0.01,0.30,0.30,0.00,0.01,0.49,0.49,bicep_curl,31.00,0.66,0.00,0.00,0.05,0.20,0.00,0.00,0.08,0.33
55,2/24/2020,8,preperatory,SPP,intensity,3,8,hard,on,lower,max_strength,1,0.85,3.01,66.08,73.09,squat,138.20,predicted,,,,squat,12.00,0.93,1.00,1.00,0.00,0.05,1.67,1.67,0.00,0.08,rdl,20.00,0.85,0.70,0.80,0.05,0.05,1.19,1.37,0.09,0.09,leg_press,30.00,0.72,0.80,0.90,0.00,0.03,1.35,1.51,0.00,0.04,hamstring_curl,30.00,0.69,0.60,0.70,0.00,0.03,0.99,1.16,0.00,0.04,weighted_stepup,30.00,0.66,0.80,0.90,0.00,0.03,1.30,1.47,0.00,0.04,leg_extension,33.00,0.67,0.60,0.70,0.00,0.03,0.99,1.16,0.00,0.04
56,2/25/2020,8,preperatory,SPP,intensity,3,8,,off,,,0,0.00,0.00,0.00,0.00,,,,,,,,0.00,0.00,,,,,0.00,0.00,0.00,0.00,,0.00,0.00,,,,,0.00,0.00,0.00,0.00,,0.00,0.00,,,,,0.00,0.00,0.00,0.00,,0.00,0.00,,,,,0.00,0.00,0.00,0.00,,0.00,0.00,,,,,0.00,0.00,0.00,0.00,,0.00,0.00,,,,,0.00,0.00,0.00,0.00
57,2/26/2020,9,preperatory,SPP,intensity,3,9,,off,,,0,0.00,0.00,0.00,0.00,,,,,,,,0.00,0.00,,,,,0.00,0.00,0.00,0.00,,0.00,0.00,,,,,0.00,0.00,0.00,0.00,,0.00,0.00,,,,,0.00,0.00,0.00,0.00,,0.00,0.00,,,,,0.00,0.00,0.00,0.00,,0.00,0.00,,,,,0.00,0.00,0.00,0.00,,0.00,0.00,,,,,0.00,0.00,0.00,0.00
58,2/27/2020,9,preperatory,SPP,intensity,3,9,medium,on,lower,max_strength,1,0.88,3.06,66.78,73.81,squat,139.30,predicted,,,,squat,18.00,0.89,1.00,1.00,0.00,0.05,1.72,1.72,0.00,0.09,rdl,24.00,0.86,0.70,0.80,0.05,0.05,1.23,1.40,0.09,0.09,leg_press,40.00,0.65,0.80,0.90,0.00,0.03,1.35,1.51,0.00,0.04,hamstring_curl,30.00,0.64,0.60,0.70,0.00,0.03,0.97,1.13,0.00,0.04,weighted_lunge,29.00,0.68,0.80,0.90,0.00,0.03,1.31,1.48,0.00,0.04,leg_extension,32.00,0.68,0.60,0.70,0.00,0.03,1.00,1.16,0.00,0.04
59,2/28/2020,9,preperatory,SPP,intensity,3,9,,off,,,0,0.00,0.00,0.00,0.00,,,,,,,,0.00,0.00,,,,,0.00,0.00,0.00,0.00,,0.00,0.00,,,,,0.00,0.00,0.00,0.00,,0.00,0.00,,,,,0.00,0.00,0.00,0.00,,0.00,0.00,,,,,0.00,0.00,0.00,0.00,,0.00,0.00,,,,,0.00,0.00,0.00,0.00,,0.00,0.00,,,,,0.00,0.00,0.00,0.00
60,2/29/2020,9,preperatory,SPP,intensity,3,9,hard,on,upper,max_strength,1,49.63,56.65,0.00,1.93,,,,bench,110.50,measured,bench,13.00,0.94,0.00,0.03,1.00,1.00,0.00,0.04,1.69,1.69,overhead_press,16.00,0.89,0.00,0.03,0.80,0.80,0.00,0.04,1.35,1.35,incline_press,25.00,0.85,0.00,0.03,0.80,0.80,0.00,0.04,1.40,1.40,pullup,28.00,0.71,0.00,0.03,0.20,0.50,0.00,0.04,0.33,0.83,row,31.00,0.67,0.00,0.03,0.20,0.30,0.00,0.04,0.33,0.49,bicep_curl,30.00,0.63,0.00,0.00,0.05,0.20,0.00,0.00,0.08,0.32
61,3/1/2020,9,preperatory,SPP,intensity,3,9,,off,,,0,0.00,0.00,0.00,0.00,,,,,,,,0.00,0.00,,,,,0.00,0.00,0.00,0.00,,0.00,0.00,,,,,0.00,0.00,0.00,0.00,,0.00,0.00,,,,,0.00,0.00,0.00,0.00,,0.00,0.00,,,,,0.00,0.00,0.00,0.00,,0.00,0.00,,,,,0.00,0.00,0.00,0.00,,0.00,0.00,,,,,0.00,0.00,0.00,0.00
62,3/2/2020,9,preperatory,SPP,intensity,3,9,medium,on,lower,max_strength,1,0.41,3.00,51.56,58.62,,,,,,,barbell_deadlift,12.00,0.91,0.80,0.90,0.03,0.10,1.32,1.48,0.04,0.16,leg_press,40.00,0.70,0.80,0.90,0.00,0.03,1.38,1.55,0.00,0.04,rdl,,,0.70,0.80,0.05,0.05,0.00,0.00,0.00,0.00,leg_extension,27.00,0.66,0.60,0.70,0.00,0.03,0.96,1.12,0.00,0.04,weighted_lunge,33.00,0.68,0.80,0.90,0.00,0.03,1.33,1.50,0.00,0.04,hamstring_curl,32.00,0.65,0.60,0.70,0.00,0.03,0.98,1.14,0.00,0.04
63,3/3/2020,9,preperatory,SPP,intensity,3,9,,off,,,,0.00,0.00,0.00,0.00,,,,,,,,0.00,0.00,,,,,0.00,0.00,0.00,0.00,,0.00,0.00,,,,,0.00,0.00,0.00,0.00,,0.00,0.00,,,,,0.00,0.00,0.00,0.00,,0.00,0.00,,,,,0.00,0.00,0.00,0.00,,0.00,0.00,,,,,0.00,0.00,0.00,0.00,,0.00,0.00,,,,,0.00,0.00,0.00,0.00
64,3/4/2020,10,preperatory,SPP,intensity,3,10,hard,on,lower,max_strength,1,0.42,3.86,68.76,75.80,squat,141.20,predicted,,,,squat,16.00,0.90,1.00,1.00,0.00,0.05,1.70,1.70,0.00,0.09,hex_deadlift,15.00,0.87,0.80,0.90,0.03,0.10,1.33,1.50,0.04,0.17,leg_press,30.00,0.76,0.80,0.90,0.00,0.03,1.37,1.54,0.00,0.04,weighted_lunge,33.00,0.71,0.80,0.90,0.00,0.03,1.35,1.52,0.00,0.04,leg_extension,34.00,0.70,0.60,0.70,0.00,0.03,1.01,1.18,0.00,0.04,hamstring_curl,32.00,0.62,0.60,0.70,0.00,0.03,0.96,1.12,0.00,0.04
65,3/5/2020,10,preperatory,SPP,intensity,3,10,medium,on,upper,max_strength,1,40.19,40.19,0.00,0.98,,,,bench,112.10,predicted,bench,22.00,0.80,0.00,0.03,1.00,1.00,0.00,0.04,1.68,1.68,incline_press,18.00,0.85,0.00,0.03,0.80,0.80,0.00,0.04,1.35,1.35,overhead_press,,,0.00,0.03,0.80,0.80,0.00,0.00,0.00,0.00,db_pullover,32.00,0.64,0.00,0.01,0.30,0.30,0.00,0.01,0.49,0.49,db_fly,34.00,0.64,0.00,0.01,0.30,0.30,0.00,0.01,0.49,0.49,tricep_extension,28.00,0.62,0.00,0.00,0.20,0.20,0.00,0.00,0.32,0.32
66,3/6/2020,10,preperatory,SPP,intensity,3,10,,off,,,0,0.00,0.00,0.00,0.00,,,,,,,,0.00,0.00,,,,,0.00,0.00,0.00,0.00,,0.00,0.00,,,,,0.00,0.00,0.00,0.00,,0.00,0.00,,,,,0.00,0.00,0.00,0.00,,0.00,0.00,,,,,0.00,0.00,0.00,0.00,,0.00,0.00,,,,,0.00,0.00,0.00,0.00,,0.00,0.00,,,,,0.00,0.00,0.00,0.00
67,3/7/2020,10,preperatory,SPP,intensity,3,10,hard,on,upper,max_strength,1,51.44,53.01,0.00,1.39,,,,bench,110.10,predicted,bench,8.00,0.95,0.00,0.03,1.00,1.00,0.00,0.04,1.60,1.60,overhead_press,16.00,0.87,0.00,0.03,0.80,0.80,0.00,0.04,1.34,1.34,incline_press,30.00,0.85,0.00,0.03,0.80,0.80,0.00,0.04,1.44,1.44,db_fly,32.00,0.63,0.00,0.01,0.30,0.30,0.00,0.01,0.48,0.48,db_pullover,32.00,0.70,0.00,0.01,0.30,0.30,0.00,0.01,0.50,0.50,bicep_curl,34.00,0.61,0.00,0.00,0.05,0.20,0.00,0.00,0.08,0.32
68,3/8/2020,10,preperatory,SPP,intensity,3,10,hard,on,lower,max_strength,1,0.82,2.96,68.45,75.48,squat,139.80,predicted,,,,squat,8.00,0.95,1.00,1.00,0.00,0.05,1.60,1.60,0.00,0.08,leg_press,25.00,0.86,0.80,0.90,0.00,0.03,1.41,1.59,0.00,0.04,rdl,30.00,0.76,0.70,0.80,0.05,0.05,1.20,1.37,0.09,0.09,weighted_stepup,21.00,0.67,0.80,0.90,0.00,0.03,1.25,1.40,0.00,0.04,weighted_lunge,32.00,0.70,0.80,0.90,0.00,0.03,1.34,1.51,0.00,0.04,hamstring_curl,34.00,0.61,0.60,0.70,0.00,0.03,0.97,1.13,0.00,0.04
69,3/9/2020,10,preperatory,SPP,intensity,3,10,,off,,,0,0.00,0.00,0.00,0.00,,,,,,,,0.00,0.00,,,,,0.00,0.00,0.00,0.00,,0.00,0.00,,,,,0.00,0.00,0.00,0.00,,0.00,0.00,,,,,0.00,0.00,0.00,0.00,,0.00,0.00,,,,,0.00,0.00,0.00,0.00,,0.00,0.00,,,,,0.00,0.00,0.00,0.00,,0.00,0.00,,,,,0.00,0.00,0.00,0.00
70,3/10/2020,10,preperatory,SPP,intensity,3,10,,off,,,0,0.00,0.00,0.00,0.00,,,,,,,,0.00,0.00,,,,,0.00,0.00,0.00,0.00,,0.00,0.00,,,,,0.00,0.00,0.00,0.00,,0.00,0.00,,,,,0.00,0.00,0.00,0.00,,0.00,0.00,,,,,0.00,0.00,0.00,0.00,,0.00,0.00,,,,,0.00,0.00,0.00,0.00,,0.00,0.00,,,,,0.00,0.00,0.00,0.00
71,3/11/2020,11,break,transition,undulating,3,11,medium,on,upper,max_strength,1,53.97,53.97,0.00,1.41,,,,bench,111.70,predicted,bench,20.00,0.85,0.00,0.03,1.00,1.00,0.00,0.04,1.71,1.71,incline_press,24.00,0.83,0.00,0.03,0.80,0.80,0.00,0.04,1.38,1.38,overhead_press,24.00,0.83,0.00,0.03,0.80,0.80,0.00,0.04,1.38,1.38,db_pullover,29.00,0.66,0.00,0.01,0.30,0.30,0.00,0.01,0.49,0.49,db_fly,25.00,0.72,0.00,0.01,0.30,0.30,0.00,0.01,0.49,0.49,tricep_extension,34.00,0.62,0.00,0.00,0.20,0.20,0.00,0.00,0.32,0.32
72,3/12/2020,11,break,transition,undulating,3,11,light,on,lower,strength_endurance,0.8,0.67,2.47,56.81,62.56,squat,142.50,predicted,,,,squat,30.00,0.78,1.00,1.00,0.00,0.05,1.73,1.73,0.00,0.09,leg_press,60.00,0.69,0.80,0.90,0.00,0.03,1.44,1.63,0.00,0.05,rdl,40.00,0.75,0.70,0.80,0.05,0.05,1.24,1.42,0.09,0.09,weighted_lunge,32.00,0.71,0.80,0.90,0.00,0.03,1.35,1.52,0.00,0.04,weighted_stepup,29.00,0.66,0.80,0.90,0.00,0.03,1.30,1.46,0.00,0.04,hamstring_curl,32.00,0.62,0.60,0.70,0.00,0.03,0.96,1.12,0.00,0.04
73,3/13/2020,11,break,transition,undulating,3,11,,off,,,0,0.00,0.00,0.00,0.00,,,,,,,,0.00,0.00,,,,,0.00,0.00,0.00,0.00,,0.00,0.00,,,,,0.00,0.00,0.00,0.00,,0.00,0.00,,,,,0.00,0.00,0.00,0.00,,0.00,0.00,,,,,0.00,0.00,0.00,0.00,,0.00,0.00,,,,,0.00,0.00,0.00,0.00,,0.00,0.00,,,,,0.00,0.00,0.00,0.00
74,3/14/2020,11,break,transition,undulating,3,11,medium,on,upper,max_strength,1,50.88,53.88,0.00,1.70,,,,bench,112.80,predicted,bench,20.00,0.85,0.00,0.03,1.00,1.00,0.00,0.04,1.71,1.71,overhead_press,22.00,0.81,0.00,0.03,0.80,0.80,0.00,0.04,1.35,1.35,incline_press,24.00,0.83,0.00,0.03,0.80,0.80,0.00,0.04,1.38,1.38,row,33.00,0.73,0.00,0.03,0.20,0.30,0.00,0.04,0.34,0.51,db_pullover,30.00,0.68,0.00,0.01,0.30,0.30,0.00,0.01,0.49,0.49,bicep_curl,28.00,0.63,0.00,0.00,0.05,0.20,0.00,0.00,0.08,0.32
75,3/15/2020,11,break,transition,undulating,3,11,light,on,lower,strength_endurance,0.8,0.69,2.44,53.56,59.20,squat,144.80,predicted,,,,squat,30.00,0.75,1.00,1.00,0.00,0.05,1.71,1.71,0.00,0.09,rdl,50.00,0.65,0.70,0.80,0.05,0.05,1.21,1.38,0.09,0.09,leg_press,40.00,0.75,0.80,0.90,0.00,0.03,1.42,1.59,0.00,0.04,hamstring_curl,33.00,0.63,0.60,0.70,0.00,0.03,0.97,1.14,0.00,0.04,weighted_lunge,30.00,0.68,0.80,0.90,0.00,0.03,1.32,1.48,0.00,0.04,leg_extension,28.00,0.62,0.60,0.70,0.00,0.03,0.95,1.10,0.00,0.04
76,3/16/2020,11,break,transition,undulating,3,11,,off,,,0,0.00,0.00,0.00,0.00,,,,,,,,0.00,0.00,,,,,0.00,0.00,0.00,0.00,,0.00,0.00,,,,,0.00,0.00,0.00,0.00,,0.00,0.00,,,,,0.00,0.00,0.00,0.00,,0.00,0.00,,,,,0.00,0.00,0.00,0.00,,0.00,0.00,,,,,0.00,0.00,0.00,0.00,,0.00,0.00,,,,,0.00,0.00,0.00,0.00
77,3/17/2020,11,break,transition,undulating,3,11,medium,on,full,max_strength,1,1.27,3.91,67.08,75.95,,,,,,,barbell_deadlift,35.00,0.70,0.80,0.90,0.03,0.10,1.36,1.53,0.04,0.17,leg_press,30.00,0.83,0.80,0.90,0.00,0.03,1.42,1.60,0.00,0.04,rdl,30.00,0.83,0.70,0.80,0.05,0.05,1.24,1.42,0.09,0.09,weighted_lunge,32.00,0.65,0.80,0.90,0.00,0.03,1.31,1.47,0.00,0.04,weighted_stepup,30.00,0.68,0.80,0.90,0.00,0.03,1.32,1.48,0.00,0.04,hamstring_curl,32.00,0.68,0.60,0.70,0.00,0.03,1.00,1.16,0.00,0.04
78,3/18/2020,12,competitive,maintece,undulating,4,12,,off,,,0,0.00,0.00,0.00,0.00,,,,,,,,0.00,0.00,,,,,0.00,0.00,0.00,0.00,,0.00,0.00,,,,,0.00,0.00,0.00,0.00,,0.00,0.00,,,,,0.00,0.00,0.00,0.00,,0.00,0.00,,,,,0.00,0.00,0.00,0.00,,0.00,0.00,,,,,0.00,0.00,0.00,0.00,,0.00,0.00,,,,,0.00,0.00,0.00,0.00
79,3/19/2020,12,competitive,maintece,undulating,4,12,,off,,,0,0.00,0.00,0.00,0.00,,,,,,,,0.00,0.00,,,,,0.00,0.00,0.00,0.00,,0.00,0.00,,,,,0.00,0.00,0.00,0.00,,0.00,0.00,,,,,0.00,0.00,0.00,0.00,,0.00,0.00,,,,,0.00,0.00,0.00,0.00,,0.00,0.00,,,,,0.00,0.00,0.00,0.00,,0.00,0.00,,,,,0.00,0.00,0.00,0.00
80,3/20/2020,12,competitive,maintece,undulating,4,12,medium,on,full,max_strength,1,24.60,29.29,35.52,39.08,squat,146.00,measured,bench,114.50,predicted,squat,20.00,0.87,1.00,1.00,0.00,0.05,1.72,1.72,0.00,0.09,bench,21.00,0.86,0.00,0.03,1.00,1.00,0.00,0.04,1.73,1.73,rdl,30.00,0.83,0.70,0.80,0.05,0.05,1.24,1.42,0.09,0.09,db_fly,31.00,0.64,0.00,0.01,0.30,0.30,0.00,0.01,0.49,0.49,pullup,24.00,0.66,0.00,0.03,0.20,0.50,0.00,0.04,0.32,0.79,leg_extension,34.00,0.66,0.60,0.70,0.00,0.03,0.99,1.16,0.00,0.04
81,3/21/2020,12,competitive,maintece,undulating,4,12,,off,,,0,0.00,0.00,0.00,0.00,,,,,,,,0.00,0.00,,,,,0.00,0.00,0.00,0.00,,0.00,0.00,,,,,0.00,0.00,0.00,0.00,,0.00,0.00,,,,,0.00,0.00,0.00,0.00,,0.00,0.00,,,,,0.00,0.00,0.00,0.00,,0.00,0.00,,,,,0.00,0.00,0.00,0.00,,0.00,0.00,,,,,0.00,0.00,0.00,0.00
82,3/22/2020,12,competitive,maintece,undulating,4,12,hard,on,full,strength_endurance,0.8,42.71,43.97,0.00,1.15,,,,bench,113.80,predicted,bench,50.00,0.70,0.00,0.03,1.00,1.00,0.00,0.04,1.77,1.77,overhead_press,18.00,0.90,0.00,0.03,0.80,0.80,0.00,0.04,1.38,1.38,incline_press,32.00,0.80,0.00,0.03,0.80,0.80,0.00,0.04,1.41,1.41,db_fly,28.00,0.70,0.00,0.01,0.30,0.30,0.00,0.01,0.49,0.49,db_pullover,34.00,0.63,0.00,0.01,0.30,0.30,0.00,0.01,0.49,0.49,bicep_curl,30.00,0.65,0.00,0.00,0.05,0.20,0.00,0.00,0.08,0.32
83,3/23/2020,12,competitive,maintece,undulating,4,12,,off,,,0,0.00,0.00,0.00,0.00,,,,,,,,0.00,0.00,,,,,0.00,0.00,0.00,0.00,,0.00,0.00,,,,,0.00,0.00,0.00,0.00,,0.00,0.00,,,,,0.00,0.00,0.00,0.00,,0.00,0.00,,,,,0.00,0.00,0.00,0.00,,0.00,0.00,,,,,0.00,0.00,0.00,0.00,,0.00,0.00,,,,,0.00,0.00,0.00,0.00
84,3/24/2020,12,competitive,maintece,undulating,4,12,,off,,,0,0.00,0.00,0.00,0.00,,,,,,,,0.00,0.00,,,,,0.00,0.00,0.00,0.00,,0.00,0.00,,,,,0.00,0.00,0.00,0.00,,0.00,0.00,,,,,0.00,0.00,0.00,0.00,,0.00,0.00,,,,,0.00,0.00,0.00,0.00,,0.00,0.00,,,,,0.00,0.00,0.00,0.00,,0.00,0.00,,,,,0.00,0.00,0.00,0.00
85,3/25/2020,13,competitive,maintece,undulating,4,13,light,on,full,strength_endurance,0.8,17.53,20.39,29.13,32.12,squat,147.20,predicted,bench,114.30,predicted,squat,40.00,0.70,1.00,1.00,0.00,0.05,1.73,1.73,0.00,0.09,bench,40.00,0.70,0.00,0.03,1.00,1.00,0.00,0.04,1.73,1.73,rdl,34.00,0.81,0.70,0.80,0.05,0.05,1.25,1.43,0.09,0.09,row,30.00,0.65,0.00,0.03,0.20,0.30,0.00,0.04,0.32,0.49,leg_extension,36.00,0.60,0.60,0.70,0.00,0.03,0.97,1.13,0.00,0.04,shrugs,34.00,0.60,0.00,0.01,0.10,0.20,0.00,0.01,0.16,0.32
86,3/26/2020,13,competitive,maintece,undulating,4,13,,off,,,0,0.00,0.00,0.00,0.00,,,,,,,,0.00,0.00,,,,,0.00,0.00,0.00,0.00,,0.00,0.00,,,,,0.00,0.00,0.00,0.00,,0.00,0.00,,,,,0.00,0.00,0.00,0.00,,0.00,0.00,,,,,0.00,0.00,0.00,0.00,,0.00,0.00,,,,,0.00,0.00,0.00,0.00,,0.00,0.00,,,,,0.00,0.00,0.00,0.00
87,3/27/2020,13,competitive,maintece,undulating,4,13,medium,on,full,max_strength,1,1.27,2.98,39.07,44.17,,,,,,,barbell_deadlift,30.00,0.75,0.80,0.90,0.03,0.10,1.37,1.54,0.04,0.17,leg_press,30.00,0.74,0.80,0.90,0.00,0.03,1.36,1.53,0.00,0.04,rdl,30.00,0.83,0.70,0.80,0.05,0.05,1.24,1.42,0.09,0.09,,0.00,0.00,,,,,0.00,0.00,0.00,0.00,,0.00,0.00,,,,,0.00,0.00,0.00,0.00,,0.00,0.00,,,,,0.00,0.00,0.00,0.00
88,3/28/2020,13,competitive,maintece,undulating,4,13,,off,,,0,0.00,0.00,0.00,0.00,,,,,,,,0.00,0.00,,,,,0.00,0.00,0.00,0.00,,0.00,0.00,,,,,0.00,0.00,0.00,0.00,,0.00,0.00,,,,,0.00,0.00,0.00,0.00,,0.00,0.00,,,,,0.00,0.00,0.00,0.00,,0.00,0.00,,,,,0.00,0.00,0.00,0.00,,0.00,0.00,,,,,0.00,0.00,0.00,0.00
89,3/29/2020,13,competitive,maintece,undulating,4,13,hard,on,full,max_strength,1,46.17,51.66,17.00,18.76,squat,148.60,predicted,bench,114.30,predicted,squat,14.00,0.93,1.00,1.00,0.00,0.05,1.70,1.70,0.00,0.09,bench,14.00,0.93,0.00,0.03,1.00,1.00,0.00,0.04,1.70,1.70,incline_press,34.00,0.80,0.00,0.03,0.80,0.80,0.00,0.04,1.42,1.42,overhead_press,30.00,0.68,0.00,0.03,0.80,0.80,0.00,0.04,1.32,1.32,pullup,27.00,0.66,0.00,0.03,0.20,0.50,0.00,0.04,0.32,0.80,row,30.00,0.60,0.00,0.03,0.20,0.30,0.00,0.04,0.31,0.47
90,3/30/2020,13,competitive,maintece,undulating,4,13,,off,,,0,0.00,0.00,0.00,0.00,,,,,,,,0.00,0.00,,,,,0.00,0.00,0.00,0.00,,0.00,0.00,,,,,0.00,0.00,0.00,0.00,,0.00,0.00,,,,,0.00,0.00,0.00,0.00,,0.00,0.00,,,,,0.00,0.00,0.00,0.00,,0.00,0.00,,,,,0.00,0.00,0.00,0.00,,0.00,0.00,,,,,0.00,0.00,0.00,0.00
91,3/31/2020,13,competitive,maintece,undulating,4,13,,off,,,0,0.00,0.00,0.00,0.00,,,,,,,,0.00,0.00,,,,,0.00,0.00,0.00,0.00,,0.00,0.00,,,,,0.00,0.00,0.00,0.00,,0.00,0.00,,,,,0.00,0.00,0.00,0.00,,0.00,0.00,,,,,0.00,0.00,0.00,0.00,,0.00,0.00,,,,,0.00,0.00,0.00,0.00,,0.00,0.00,,,,,0.00,0.00,0.00,0.00
92,4/1/2020,14,competitive,maintece,undulating,4,14,light,on,full,hypertrophy,0.6,32.58,32.58,0.00,0.85,,,,bench,115.50,measured,bench,59.00,0.65,0.00,0.03,1.00,1.00,0.00,0.04,1.77,1.77,overhead_press,42.00,0.65,0.00,0.03,0.80,0.80,0.00,0.04,1.35,1.35,incline_press,30.00,0.79,0.00,0.03,0.80,0.80,0.00,0.04,1.39,1.39,db_fly,28.00,0.65,0.00,0.01,0.30,0.30,0.00,0.01,0.48,0.48,db_pullover,30.00,0.65,0.00,0.01,0.30,0.30,0.00,0.01,0.49,0.49,tricep_extension,32.00,0.65,0.00,0.00,0.20,0.20,0.00,0.00,0.33,0.33
93,4/2/2020,14,competitive,maintece,undulating,4,14,,off,,,0,0.00,0.00,0.00,0.00,,,,,,,,0.00,0.00,,,,,0.00,0.00,0.00,0.00,,0.00,0.00,,,,,0.00,0.00,0.00,0.00,,0.00,0.00,,,,,0.00,0.00,0.00,0.00,,0.00,0.00,,,,,0.00,0.00,0.00,0.00,,0.00,0.00,,,,,0.00,0.00,0.00,0.00,,0.00,0.00,,,,,0.00,0.00,0.00,0.00
94,4/3/2020,14,competitive,maintece,undulating,4,14,medium,on,full,max_strength,1,0.84,2.44,50.19,54.94,squat,147.30,predicted,,,,squat,20.00,0.80,1.00,1.00,0.00,0.05,1.66,1.66,0.00,0.08,leg_press,24.00,0.81,0.80,0.90,0.00,0.03,1.37,1.54,0.00,0.04,rdl,30.00,0.83,0.70,0.80,0.05,0.05,1.24,1.42,0.09,0.09,hamstring_curl,27.00,0.63,0.60,0.70,0.00,0.03,0.95,1.10,0.00,0.04,,0.00,0.00,,,,,0.00,0.00,0.00,0.00,,0.00,0.00,,,,,0.00,0.00,0.00,0.00
95,4/4/2020,14,competitive,maintece,undulating,4,14,,off,,,0,0.00,0.00,0.00,0.00,,,,,,,,0.00,0.00,,,,,0.00,0.00,0.00,0.00,,0.00,0.00,,,,,0.00,0.00,0.00,0.00,,0.00,0.00,,,,,0.00,0.00,0.00,0.00,,0.00,0.00,,,,,0.00,0.00,0.00,0.00,,0.00,0.00,,,,,0.00,0.00,0.00,0.00,,0.00,0.00,,,,,0.00,0.00,0.00,0.00
96,4/5/2020,14,competitive,maintece,undulating,4,14,hard,on,full,max_strength,1,51.88,51.88,0.00,1.40,,,,bench,114.70,predicted,bench,12.00,0.95,0.00,0.03,1.00,1.00,0.00,0.04,1.69,1.69,incline_press,18.00,0.90,0.00,0.03,0.80,0.80,0.00,0.04,1.38,1.38,overhead_press,32.00,0.79,0.00,0.03,0.80,0.80,0.00,0.04,1.41,1.41,db_fly,27.00,0.70,0.00,0.01,0.30,0.30,0.00,0.01,0.49,0.49,db_pullover,30.00,0.66,0.00,0.01,0.30,0.30,0.00,0.01,0.49,0.49,,0.00,0.00,,,,,0.00,0.00,0.00,0.00
97,4/6/2020,14,competitive,maintece,undulating,4,14,,off,,,0,0.00,0.00,0.00,0.00,,,,,,,,0.00,0.00,,,,,0.00,0.00,0.00,0.00,,0.00,0.00,,,,,0.00,0.00,0.00,0.00,,0.00,0.00,,,,,0.00,0.00,0.00,0.00,,0.00,0.00,,,,,0.00,0.00,0.00,0.00,,0.00,0.00,,,,,0.00,0.00,0.00,0.00,,0.00,0.00,,,,,0.00,0.00,0.00,0.00
98,4/7/2020,14,competitive,maintece,undulating,4,14,,off,,,0,0.00,0.00,0.00,0.00,,,,,,,,0.00,0.00,,,,,0.00,0.00,0.00,0.00,,0.00,0.00,,,,,0.00,0.00,0.00,0.00,,0.00,0.00,,,,,0.00,0.00,0.00,0.00,,0.00,0.00,,,,,0.00,0.00,0.00,0.00,,0.00,0.00,,,,,0.00,0.00,0.00,0.00,,0.00,0.00,,,,,0.00,0.00,0.00,0.00
99,4/8/2020,15,break,transition,undulating,5,15,light,on,full,hypertrophy,0.6,12.03,13.00,27.73,30.47,squat,148.00,measured,bench,113.40,predicted,squat,56.00,0.60,1.00,1.00,0.00,0.05,1.71,1.71,0.00,0.09,bench,56.00,0.60,0.00,0.03,1.00,1.00,0.00,0.04,1.71,1.71,leg_press,40.00,0.77,0.80,0.90,0.00,0.03,1.43,1.61,0.00,0.04,hamstring_curl,29.00,0.64,0.60,0.70,0.00,0.03,0.96,1.12,0.00,0.04,tricep_extension,30.00,0.65,0.00,0.00,0.20,0.20,0.00,0.00,0.32,0.32,rdl,30.00,0.65,0.70,0.80,0.05,0.05,1.13,1.30,0.08,0.08
100,4/9/2020,15,break,transition,undulating,5,15,,off,,,0,0.00,0.00,0.00,0.00,,,,,,,,0.00,0.00,,,,,0.00,0.00,0.00,0.00,,0.00,0.00,,,,,0.00,0.00,0.00,0.00,,0.00,0.00,,,,,0.00,0.00,0.00,0.00,,0.00,0.00,,,,,0.00,0.00,0.00,0.00,,0.00,0.00,,,,,0.00,0.00,0.00,0.00,,0.00,0.00,,,,,0.00,0.00,0.00,0.00
101,4/10/2020,15,break,transition,undulating,5,15,medium,on,full,max_strength,1,1.27,3.01,39.53,44.68,,,,,,,barbell_deadlift,20.00,0.89,0.80,0.90,0.03,0.10,1.39,1.57,0.04,0.17,leg_press,30.00,0.79,0.80,0.90,0.00,0.03,1.39,1.57,0.00,0.04,rdl,40.00,0.73,0.70,0.80,0.05,0.05,1.23,1.40,0.09,0.09,,0.00,0.00,,,,,0.00,0.00,0.00,0.00,,0.00,0.00,,,,,0.00,0.00,0.00,0.00,,0.00,0.00,,,,,0.00,0.00,0.00,0.00
102,4/11/2020,15,break,transition,undulating,5,15,,off,,,0,0.00,0.00,0.00,0.00,,,,,,,,0.00,0.00,,,,,0.00,0.00,0.00,0.00,,0.00,0.00,,,,,0.00,0.00,0.00,0.00,,0.00,0.00,,,,,0.00,0.00,0.00,0.00,,0.00,0.00,,,,,0.00,0.00,0.00,0.00,,0.00,0.00,,,,,0.00,0.00,0.00,0.00,,0.00,0.00,,,,,0.00,0.00,0.00,0.00
103,4/12/2020,15,break,transition,undulating,5,15,hard,on,full,max_strength,1,26.23,35.17,17.51,18.72,squat,147.50,predicted,bench,115.70,predicted,squat,20.00,0.90,1.00,1.00,0.00,0.05,1.75,1.75,0.00,0.09,bench,20.00,0.90,0.00,0.03,1.00,1.00,0.00,0.04,1.75,1.75,pullup,40.00,0.66,0.00,0.03,0.20,0.50,0.00,0.04,0.34,0.85,row,30.00,0.69,0.00,0.03,0.20,0.30,0.00,0.04,0.33,0.50,bicep_curl,30.00,0.66,0.00,0.00,0.05,0.20,0.00,0.00,0.08,0.33,tricep_extension,28.00,0.65,0.00,0.00,0.20,0.20,0.00,0.00,0.32,0.32
104,4/13/2020,15,break,transition,undulating,5,15,,off,,,0,0.00,0.00,0.00,0.00,,,,,,,,0.00,0.00,,,,,0.00,0.00,0.00,0.00,,0.00,0.00,,,,,0.00,0.00,0.00,0.00,,0.00,0.00,,,,,0.00,0.00,0.00,0.00,,0.00,0.00,,,,,0.00,0.00,0.00,0.00,,0.00,0.00,,,,,0.00,0.00,0.00,0.00,,0.00,0.00,,,,,0.00,0.00,0.00,0.00
105,4/14/2020,15,break,transition,undulating,5,15,,off,,,0,0.00,0.00,0.00,0.00,,,,,,,,0.00,0.00,,,,,0.00,0.00,0.00,0.00,,0.00,0.00,,,,,0.00,0.00,0.00,0.00,,0.00,0.00,,,,,0.00,0.00,0.00,0.00,,0.00,0.00,,,,,0.00,0.00,0.00,0.00,,0.00,0.00,,,,,0.00,0.00,0.00,0.00,,0.00,0.00,,,,,0.00,0.00,0.00,0.00
106,4/15/2020,16,competitive,maintece,undulating,5,16,light,on,full,hypertrophy,0.6,23.63,28.96,0.00,1.01,,,,bench,116.00,measured,bench,52.00,0.70,0.00,0.03,1.00,1.00,0.00,0.04,1.78,1.78,overhead_press,42.00,0.72,0.00,0.03,0.80,0.80,0.00,0.04,1.40,1.40,pullup,30.00,0.65,0.00,0.03,0.20,0.50,0.00,0.04,0.32,0.81,row,30.00,0.65,0.00,0.03,0.20,0.30,0.00,0.04,0.32,0.49,bicep_curl,30.00,0.65,0.00,0.00,0.05,0.20,0.00,0.00,0.08,0.32,shrugs,28.00,0.70,0.00,0.01,0.10,0.20,0.00,0.01,0.16,0.33
107,4/16/2020,16,competitive,maintece,undulating,5,16,,off,,,0,0.00,0.00,0.00,0.00,,,,,,,,0.00,0.00,,,,,0.00,0.00,0.00,0.00,,0.00,0.00,,,,,0.00,0.00,0.00,0.00,,0.00,0.00,,,,,0.00,0.00,0.00,0.00,,0.00,0.00,,,,,0.00,0.00,0.00,0.00,,0.00,0.00,,,,,0.00,0.00,0.00,0.00,,0.00,0.00,,,,,0.00,0.00,0.00,0.00
108,4/17/2020,16,competitive,maintece,undulating,5,16,medium,on,full,max_strength,1,0.43,3.88,67.86,74.82,squat,148.30,predicted,,,,squat,24.00,0.80,1.00,1.00,0.00,0.05,1.70,1.70,0.00,0.09,barbell_deadlift,24.00,0.81,0.80,0.90,0.03,0.10,1.37,1.54,0.04,0.17,leg_press,40.00,0.68,0.80,0.90,0.00,0.03,1.37,1.54,0.00,0.04,leg_extension,32.00,0.65,0.60,0.70,0.00,0.03,0.98,1.14,0.00,0.04,weighted_lunge,32.00,0.60,0.80,0.90,0.00,0.03,1.27,1.43,0.00,0.04,hamstring_curl,28.00,0.66,0.60,0.70,0.00,0.03,0.97,1.13,0.00,0.04
109,4/18/2020,16,competitive,maintece,undulating,5,16,,off,,,0,0.00,0.00,0.00,0.00,,,,,,,,0.00,0.00,,,,,0.00,0.00,0.00,0.00,,0.00,,,,,,0.00,0.00,0.00,0.00,,0.00,0.00,,,,,0.00,0.00,0.00,0.00,,0.00,0.00,,,,,0.00,0.00,0.00,0.00,,0.00,0.00,,,,,0.00,0.00,0.00,0.00,,0.00,0.00,,,,,0.00,0.00,0.00,0.00
110,4/19/2020,16,competitive,maintece,undulating,5,16,hard,on,full,max_strength,1,43.11,49.11,0.00,1.68,,,,bench,115.50,predicted,bench,21.00,0.90,0.00,0.03,1.00,1.00,0.00,0.04,1.76,1.76,incline_press,18.00,0.90,0.00,0.03,0.80,0.80,0.00,0.04,1.38,1.38,pullup,28.00,0.65,0.00,0.03,0.20,0.50,0.00,0.04,0.32,0.80,row,31.00,0.71,0.00,0.03,0.20,0.30,0.00,0.04,0.34,0.50,db_pullover,28.00,0.65,0.00,0.01,0.30,0.30,0.00,0.01,0.48,0.48,tricep_extension,32.00,0.68,0.00,0.00,0.20,0.20,0.00,0.00,0.33,0.33
111,4/20/2020,16,competitive,maintece,undulating,5,16,,off,,,0,0.00,0.00,0.00,0.00,,,,,,,,0.00,0.00,,,,,0.00,0.00,0.00,0.00,,0.00,0.00,,,,,0.00,0.00,0.00,0.00,,0.00,0.00,,,,,0.00,0.00,0.00,0.00,,0.00,0.00,,,,,0.00,0.00,0.00,0.00,,0.00,0.00,,,,,0.00,0.00,0.00,0.00,,0.00,0.00,,,,,0.00,0.00,0.00,0.00
112,4/21/2020,16,competitive,maintece,undulating,5,16,,off,,,0,0.00,0.00,0.00,0.00,,,,,,,,0.00,0.00,,,,,0.00,0.00,0.00,0.00,,0.00,0.00,,,,,0.00,0.00,0.00,0.00,,0.00,0.00,,,,,0.00,0.00,0.00,0.00,,0.00,0.00,,,,,0.00,0.00,0.00,0.00,,0.00,0.00,,,,,0.00,0.00,0.00,0.00,,0.00,0.00,,,,,0.00,0.00,0.00,0.00
113,4/22/2020,17,competitive,maintece,undulating,5,17,light,on,full,hypertrophy,0.6,10.98,12.09,32.73,36.23,squat,150.00,predicted,bench,113.10,predicted,squat,63.00,0.63,1.00,1.00,0.00,0.05,1.76,1.76,0.00,0.09,bench,60.00,0.63,0.00,0.03,1.00,1.00,0.00,0.04,1.75,1.75,rdl,32.00,0.68,0.70,0.80,0.05,0.05,1.16,1.33,0.08,0.08,leg_press,58.00,0.66,0.80,0.90,0.00,0.03,1.42,1.59,0.00,0.04,hamstring_curl,40.00,0.60,0.60,0.70,0.00,0.03,0.98,1.15,0.00,0.04,leg_extension,32.00,0.68,0.60,0.70,0.00,0.03,1.00,1.16,0.00,0.04
114,4/23/2020,17,competitive,maintece,undulating,5,17,,off,,,0,0.00,0.00,0.00,0.00,,,,,,,,0.00,0.00,,,,,0.00,0.00,0.00,0.00,,0.00,0.00,,,,,0.00,0.00,0.00,0.00,,0.00,0.00,,,,,0.00,0.00,0.00,0.00,,0.00,0.00,,,,,0.00,0.00,0.00,0.00,,0.00,0.00,,,,,0.00,0.00,0.00,0.00,,0.00,0.00,,,,,0.00,0.00,0.00,0.00
115,4/24/2020,17,competitive,maintece,undulating,5,17,medium,on,full,strength_endurance,0.8,39.83,44.45,0.00,1.31,,,,bench,114.30,predicted,bench,35.00,0.74,0.00,0.03,1.00,1.00,0.00,0.04,1.73,1.73,incline_press,24.00,0.80,0.00,0.03,0.80,0.80,0.00,0.04,1.36,1.36,overhead_press,32.00,0.75,0.00,0.03,0.80,0.80,0.00,0.04,1.38,1.38,pullup,33.00,0.65,0.00,0.03,0.20,0.50,0.00,0.04,0.33,0.82,tricep_extension,30.00,0.65,0.00,0.00,0.20,0.20,0.00,0.00,0.32,0.32,bicep_curl,30.00,0.67,0.00,0.00,0.05,0.20,0.00,0.00,0.08,0.33
116,4/25/2020,17,competitive,maintece,undulating,5,17,,off,,,0,0.00,0.00,0.00,0.00,,,,,,,,0.00,0.00,,,,,0.00,0.00,0.00,0.00,,0.00,0.00,,,,,0.00,0.00,0.00,0.00,,0.00,0.00,,,,,0.00,0.00,0.00,0.00,,0.00,0.00,,,,,0.00,0.00,0.00,0.00,,0.00,0.00,,,,,0.00,0.00,0.00,0.00,,0.00,0.00,,,,,0.00,0.00,0.00,0.00
117,4/26/2020,17,competitive,maintece,undulating,5,17,hard,on,full,max_strength,1,1.25,4.34,70.22,77.31,squat,148.50,measured,,,,squat,17.00,0.91,1.00,1.00,0.00,0.05,1.72,1.72,0.00,0.09,hex_deadlift,18.00,0.90,0.80,0.90,0.03,0.10,1.38,1.56,0.04,0.17,rdl,32.00,0.75,0.70,0.80,0.05,0.05,1.21,1.38,0.09,0.09,weighted_lunge,32.00,0.72,0.80,0.90,0.00,0.03,1.36,1.53,0.00,0.04,weighted_stepup,30.00,0.68,0.80,0.90,0.00,0.03,1.32,1.48,0.00,0.04,hamstring_curl,28.00,0.66,0.60,0.70,0.00,0.03,0.97,1.13,0.00,0.04
118,4/27/2020,17,competitive,maintece,undulating,5,17,,off,,,0,0.00,0.00,0.00,0.00,,,,,,,,0.00,0.00,,,,,0.00,0.00,0.00,0.00,,0.00,0.00,,,,,0.00,0.00,0.00,0.00,,0.00,0.00,,,,,0.00,0.00,0.00,0.00,,0.00,0.00,,,,,0.00,0.00,0.00,0.00,,0.00,0.00,,,,,0.00,0.00,0.00,0.00,,0.00,0.00,,,,,0.00,0.00,0.00,0.00
119,4/28/2020,17,competitive,maintece,undulating,5,17,,off,,,0,0.00,0.00,0.00,0.00,,,,,,,,0.00,0.00,,,,,0.00,0.00,0.00,0.00,,0.00,0.00,,,,,0.00,0.00,0.00,0.00,,0.00,0.00,,,,,0.00,0.00,0.00,0.00,,0.00,0.00,,,,,0.00,0.00,0.00,0.00,,0.00,0.00,,,,,0.00,0.00,0.00,0.00,,0.00,0.00,,,,,0.00,0.00,0.00,0.00
120,4/29/2020,18,competitive,maintece,undulating,5,18,light,on,full,hypertrophy,0.6,14.29,18.78,18.86,20.94,squat,150.00,predicted,bench,116.10,predicted,squat,54.00,0.68,1.00,1.00,0.00,0.05,1.77,1.77,0.00,0.09,bench,59.00,0.68,0.00,0.03,1.00,1.00,0.00,0.04,1.79,1.79,pullup,25.00,0.70,0.00,0.03,0.20,0.50,0.00,0.04,0.32,0.81,row,30.00,0.68,0.00,0.03,0.20,0.30,0.00,0.04,0.33,0.49,hamstring_curl,38.00,0.62,0.60,0.70,0.00,0.03,0.99,1.15,0.00,0.04,leg_extension,28.00,0.66,0.60,0.70,0.00,0.03,0.97,1.13,0.00,0.04
121,4/30/2020,18,competitive,maintece,undulating,5,18,,off,,,0,0.00,0.00,0.00,0.00,,,,,,,,0.00,0.00,,,,,0.00,0.00,0.00,0.00,,0.00,0.00,,,,,0.00,0.00,0.00,0.00,,0.00,0.00,,,,,0.00,0.00,0.00,0.00,,0.00,0.00,,,,,0.00,0.00,0.00,0.00,,0.00,0.00,,,,,0.00,0.00,0.00,0.00,,0.00,0.00,,,,,0.00,0.00,0.00,0.00
122,5/1/2020,18,competitive,maintece,undulating,5,18,medium,on,full,strength_endurance,0.8,34.65,35.51,0.00,0.85,,,,bench,115.10,predicted,bench,40.00,0.74,0.00,0.03,1.00,1.00,0.00,0.04,1.76,1.76,overhead_press,24.00,0.80,0.00,0.03,0.80,0.80,0.00,0.04,1.36,1.36,tricep_extension,32.00,0.70,0.00,0.00,0.20,0.20,0.00,0.00,0.34,0.34,db_fly,30.00,0.65,0.00,0.01,0.30,0.30,0.00,0.01,0.49,0.49,db_pullover,38.00,0.61,0.00,0.01,0.30,0.30,0.00,0.01,0.49,0.49,shrugs,35.00,0.66,0.00,0.01,0.10,0.20,0.00,0.01,0.17,0.33
123,5/2/2020,18,competitive,maintece,undulating,5,18,,off,,,0,0.00,0.00,0.00,0.00,,,,,,,,0.00,0.00,,,,,0.00,0.00,0.00,0.00,,0.00,0.00,,,,,0.00,0.00,0.00,0.00,,0.00,0.00,,,,,0.00,0.00,0.00,0.00,,0.00,0.00,,,,,0.00,0.00,0.00,0.00,,0.00,0.00,,,,,0.00,0.00,0.00,0.00,,0.00,0.00,,,,,0.00,0.00,0.00,0.00
124,5/3/2020,18,competitive,maintece,undulating,5,18,hard,on,full,max_strength,1,0.74,2.64,56.13,61.88,squat,149.80,predicted,,,,squat,12.00,0.93,1.00,1.00,0.00,0.05,1.67,1.67,0.00,0.08,leg_press,18.00,0.90,0.80,0.90,0.00,0.03,1.38,1.56,0.00,0.04,rdl,28.00,0.60,0.70,0.80,0.05,0.05,1.09,1.25,0.08,0.08,hamstring_curl,28.00,0.64,0.60,0.70,0.00,0.03,0.96,1.12,0.00,0.04,leg_extension,29.00,0.62,0.60,0.70,0.00,0.03,0.95,1.11,0.00,0.04,,0.00,0.00,,,,,0.00,0.00,0.00,0.00
125,5/4/2020,18,competitive,maintece,undulating,5,18,,off,,,0,0.00,0.00,0.00,0.00,,,,,,,,0.00,0.00,,,,,0.00,0.00,0.00,0.00,,0.00,0.00,,,,,0.00,0.00,0.00,0.00,,0.00,0.00,,,,,0.00,0.00,0.00,0.00,,0.00,0.00,,,,,0.00,0.00,0.00,0.00,,0.00,0.00,,,,,0.00,0.00,0.00,0.00,,0.00,0.00,,,,,0.00,0.00,0.00,0.00
126,5/5/2020,18,competitive,maintece,undulating,5,18,,off,,,0,0.00,0.00,0.00,0.00,,,,,,,,0.00,0.00,,,,,0.00,0.00,0.00,0.00,,0.00,0.00,,,,,0.00,0.00,0.00,0.00,,0.00,0.00,,,,,0.00,0.00,0.00,0.00,,0.00,0.00,,,,,0.00,0.00,0.00,0.00,,0.00,0.00,,,,,0.00,0.00,0.00,0.00,,0.00,0.00,,,,,0.00,0.00,0.00,0.00
127,5/6/2020,19,break,tapering,undulating,6,19,medium,on,full,strength_endurance,0.8,17.17,22.48,31.54,34.49,squat,148.30,predicted,bench,117.30,predicted,squat,26.00,0.85,1.00,1.00,0.00,0.05,1.76,1.76,0.00,0.09,bench,26.00,0.85,0.00,0.03,1.00,1.00,0.00,0.04,1.76,1.76,rdl,30.00,0.65,0.70,0.80,0.05,0.05,1.13,1.30,0.08,0.08,leg_press,29.00,0.66,0.80,0.90,0.00,0.03,1.30,1.46,0.00,0.04,pullup,39.00,0.65,0.00,0.03,0.20,0.50,0.00,0.04,0.34,0.84,bicep_curl,32.00,0.70,0.00,0.00,0.05,0.20,0.00,0.00,0.08,0.34
128,5/7/2020,19,break,tapering,undulating,6,19,,off,,,0,0.00,0.00,0.00,0.00,,,,,,,,0.00,0.00,,,,,0.00,0.00,0.00,0.00,,0.00,0.00,,,,,0.00,0.00,0.00,0.00,,0.00,0.00,,,,,0.00,0.00,0.00,0.00,,0.00,0.00,,,,,0.00,0.00,0.00,0.00,,0.00,0.00,,,,,0.00,0.00,0.00,0.00,,0.00,0.00,,,,,0.00,0.00,0.00,0.00
129,5/8/2020,19,break,tapering,undulating,6,19,,off,,,0,0.00,0.00,0.00,0.00,,,,,,,,0.00,0.00,,,,,0.00,0.00,0.00,0.00,,0.00,0.00,,,,,0.00,0.00,0.00,0.00,,0.00,0.00,,,,,0.00,0.00,0.00,0.00,,0.00,0.00,,,,,0.00,0.00,0.00,0.00,,0.00,0.00,,,,,0.00,0.00,0.00,0.00,,0.00,0.00,,,,,0.00,0.00,0.00,0.00
130,5/9/2020,19,break,tapering,undulating,6,19,medium,on,upper,max_strength,1,52.07,53.70,0.00,1.40,,,,bench,115.70,predicted,bench,22.00,0.87,0.00,0.03,1.00,1.00,0.00,0.04,1.75,1.75,overhead_press,24.00,0.83,0.00,0.03,0.80,0.80,0.00,0.04,1.38,1.38,incline_press,32.00,0.68,0.00,0.03,0.80,0.80,0.00,0.04,1.33,1.33,db_fly,30.00,0.65,0.00,0.01,0.30,0.30,0.00,0.01,0.49,0.49,db_pullover,26.00,0.61,0.00,0.01,0.30,0.30,0.00,0.01,0.47,0.47,bicep_curl,32.00,0.70,0.00,0.00,0.05,0.20,0.00,0.00,0.08,0.34
131,5/10/2020,19,break,tapering,undulating,6,19,hard,on,full,max_strength,1,0.79,2.60,55.09,60.99,squat,150.00,predicted,,,,squat,4.00,0.97,1.00,1.00,0.00,0.05,1.47,1.47,0.00,0.07,leg_press,18.00,0.90,0.80,0.90,0.00,0.03,1.38,1.56,0.00,0.04,rdl,32.00,0.69,0.70,0.80,0.05,0.05,1.17,1.34,0.08,0.08,hamstring_curl,30.00,0.70,0.60,0.70,0.00,0.03,1.00,1.16,0.00,0.04,leg_extension,26.00,0.62,0.60,0.70,0.00,0.03,0.94,1.09,0.00,0.04,,0.00,0.00,,,,,0.00,0.00,0.00,0.00
132,5/11/2020,19,break,tapering,undulating,6,19,,off,,,0,0.00,0.00,0.00,0.00,,,,,,,,0.00,0.00,,,,,0.00,0.00,0.00,0.00,,0.00,0.00,,,,,0.00,0.00,0.00,0.00,,0.00,0.00,,,,,0.00,0.00,0.00,0.00,,0.00,0.00,,,,,0.00,0.00,0.00,0.00,,0.00,0.00,,,,,0.00,0.00,0.00,0.00,,0.00,0.00,,,,,0.00,0.00,0.00,0.00
133,5/12/2020,19,break,tapering,undulating,6,19,,off,,,0,0.00,0.00,0.00,0.00,,,,,,,,0.00,0.00,,,,,0.00,0.00,0.00,0.00,,0.00,0.00,,,,,0.00,0.00,0.00,0.00,,0.00,0.00,,,,,0.00,0.00,0.00,0.00,,0.00,0.00,,,,,0.00,0.00,0.00,0.00,,0.00,0.00,,,,,0.00,0.00,0.00,0.00,,0.00,0.00,,,,,0.00,0.00,0.00,0.00
134,5/13/2020,20,break,tapering,undulating,6,20,light,on,full,hypertrophy,0.6,10.23,10.74,10.23,10.49,squat,151.50,measured,bench,118.90,measured,squat,55.00,0.60,1.00,1.00,0.00,0.05,1.71,1.71,0.00,0.09,bench,55.00,0.60,0.00,0.03,1.00,1.00,0.00,0.04,1.71,1.71,,0.00,0.00,,,,,0.00,0.00,0.00,0.00,,0.00,0.00,,,,,0.00,0.00,0.00,0.00,,0.00,0.00,,,,,0.00,0.00,0.00,0.00,,0.00,0.00,,,,,0.00,0.00,0.00,0.00
135,5/14/2020,20,break,tapering,undulating,6,20,,off,,,0,0.00,0.00,0.00,0.00,,,,,,,,0.00,0.00,,,,,0.00,0.00,0.00,0.00,,0.00,0.00,,,,,0.00,0.00,0.00,0.00,,0.00,0.00,,,,,0.00,0.00,0.00,0.00,,0.00,0.00,,,,,0.00,0.00,0.00,0.00,,0.00,0.00,,,,,0.00,0.00,0.00,0.00,,0.00,0.00,,,,,0.00,0.00,0.00,0.00
136,5/15/2020,20,break,tapering,undulating,6,20,,off,,,0,0.00,0.00,0.00,0.00,,,,,,,,0.00,0.00,,,,,0.00,0.00,0.00,0.00,,0.00,0.00,,,,,0.00,0.00,0.00,0.00,,0.00,0.00,,,,,0.00,0.00,0.00,0.00,,0.00,0.00,,,,,0.00,0.00,0.00,0.00,,0.00,0.00,,,,,0.00,0.00,0.00,0.00,,0.00,0.00,,,,,0.00,0.00,0.00,0.00
137,5/16/2020,20,break,tapering,undulating,6,20,hard,on,full,max_strength,1,0.79,2.74,63.06,69.00,squat,149.70,predicted,,,,squat,16.00,0.91,1.00,1.00,0.00,0.05,1.71,1.71,0.00,0.09,leg_press,18.00,0.90,0.80,0.90,0.00,0.03,1.38,1.56,0.00,0.04,rdl,30.00,0.70,0.70,0.80,0.05,0.05,1.16,1.33,0.08,0.08,weighted_lunge,30.00,0.71,0.80,0.90,0.00,0.03,1.34,1.51,0.00,0.04,weighted_stepup,28.00,0.66,0.80,0.90,0.00,0.03,1.29,1.45,0.00,0.04,,0.00,0.00,,,,,0.00,0.00,0.00,0.00
138,5/17/2020,20,break,tapering,undulating,6,20,,off,,,0,0.00,0.00,0.00,0.00,,,,,,,,0.00,0.00,,,,,0.00,0.00,0.00,0.00,,0.00,0.00,,,,,0.00,0.00,0.00,0.00,,0.00,0.00,,,,,0.00,0.00,0.00,0.00,,0.00,0.00,,,,,0.00,0.00,0.00,0.00,,0.00,0.00,,,,,0.00,0.00,0.00,0.00,,0.00,0.00,,,,,0.00,0.00,0.00,0.00
139,5/18/2020,20,break,tapering,undulating,6,20,medium,on,upper,strength_endurance,0.8,41.50,42.32,0.00,1.14,,,,bench,117.30,predicted,bench,23.00,0.80,0.00,0.03,1.00,1.00,0.00,0.04,1.69,1.69,incline_press,23.00,0.80,0.00,0.03,0.80,0.80,0.00,0.04,1.35,1.35,overhead_press,30.00,0.70,0.00,0.03,0.80,0.80,0.00,0.04,1.33,1.33,db_fly,32.00,0.62,0.00,0.01,0.30,0.30,0.00,0.01,0.48,0.48,db_pullover,28.00,0.66,0.00,0.01,0.30,0.30,0.00,0.01,0.48,0.48,shrugs,30.00,0.60,0.00,0.01,0.10,0.20,0.00,0.01,0.16,0.31
140,5/19/2020,20,break,tapering,undulating,6,20,,off,,,0,0.00,0.00,0.00,0.00,,,,,,,,0.00,0.00,,,,,0.00,0.00,0.00,0.00,,0.00,0.00,,,,,0.00,0.00,0.00,0.00,,0.00,0.00,,,,,0.00,0.00,0.00,0.00,,0.00,0.00,,,,,0.00,0.00,0.00,0.00,,0.00,0.00,,,,,0.00,0.00,0.00,0.00,,0.00,0.00,,,,,0.00,0.00,0.00,0.00
141,5/20/2020,21,competitive,peaking,undulating,7,21,,off,,,0,0.00,0.00,0.00,0.00,,,,,,,,0.00,0.00,,,,,0.00,0.00,0.00,0.00,,0.00,0.00,,,,,0.00,0.00,0.00,0.00,,0.00,0.00,,,,,0.00,0.00,0.00,0.00,,0.00,0.00,,,,,0.00,0.00,0.00,0.00,,0.00,0.00,,,,,0.00,0.00,0.00,0.00,,0.00,0.00,,,,,0.00,0.00,0.00,0.00
142,5/21/2020,21,competitive,peaking,undulating,7,21,,off,,,0,0.00,0.00,0.00,0.00,,,,,,,,0.00,0.00,,,,,0.00,0.00,0.00,0.00,,0.00,0.00,,,,,0.00,0.00,0.00,0.00,,0.00,0.00,,,,,0.00,0.00,0.00,0.00,,0.00,0.00,,,,,0.00,0.00,0.00,0.00,,0.00,0.00,,,,,0.00,0.00,0.00,0.00,,0.00,0.00,,,,,0.00,0.00,0.00,0.00
143,5/22/2020,21,competitive,peaking,undulating,7,21,light,on,full,hypertrophy,0.6,0.46,1.79,40.09,44.27,squat,155.00,measured,bench,120.00,measured,squat,61.00,0.59,1.00,1.00,0.00,0.05,1.72,1.72,0.00,0.09,leg_press,60.00,0.65,0.80,0.90,0.00,0.03,1.42,1.59,0.00,0.04,rdl,28.00,0.68,0.70,0.80,0.05,0.05,1.14,1.31,0.08,0.08,weighted_lunge,28.00,0.64,0.80,0.90,0.00,0.03,1.28,1.44,0.00,0.04,hamstring_curl,32.00,0.66,0.60,0.70,0.00,0.03,0.99,1.15,0.00,0.04,leg_extension,40.00,0.60,0.60,0.70,0.00,0.03,0.98,1.15,0.00,0.04
144,5/23/2020,21,competitive,peaking,undulating,7,21,,off,,,0,0.00,0.00,0.00,0.00,,,,,,,,0.00,0.00,,,,,0.00,0.00,0.00,0.00,,0.00,0.00,,,,,0.00,0.00,0.00,0.00,,0.00,0.00,,,,,0.00,0.00,0.00,0.00,,0.00,0.00,,,,,0.00,0.00,0.00,0.00,,0.00,0.00,,,,,0.00,0.00,0.00,0.00,,0.00,0.00,,,,,0.00,0.00,0.00,0.00
145,5/24/2020,21,competitive,peaking,undulating,7,21,,off,,,0,0.00,0.00,0.00,0.00,,,,,,,,0.00,0.00,,,,,0.00,0.00,0.00,0.00,,0.00,0.00,,,,,0.00,0.00,0.00,0.00,,0.00,0.00,,,,,0.00,0.00,0.00,0.00,,0.00,0.00,,,,,0.00,0.00,0.00,0.00,,0.00,0.00,,,,,0.00,0.00,0.00,0.00,,0.00,0.00,,,,,0.00,0.00,0.00,0.00
146,5/25/2020,21,competitive,peaking,undulating,7,21,,off,,,0,0.00,0.00,0.00,0.00,,,,,,,,0.00,0.00,,,,,0.00,0.00,0.00,0.00,,0.00,0.00,,,,,0.00,0.00,0.00,0.00,,0.00,0.00,,,,,0.00,0.00,0.00,0.00,,0.00,0.00,,,,,0.00,0.00,0.00,0.00,,0.00,0.00,,,,,0.00,0.00,0.00,0.00,,0.00,0.00,,,,,0.00,0.00,0.00,0.00
147,5/26/2020,21,competitive,peaking,undulating,7,21,light,off,,,0,0.00,0.00,0.00,0.00,squat,153.00,measured,bench,118.50,measured,,0.00,0.00,,,,,0.00,0.00,0.00,0.00,,0.00,0.00,,,,,0.00,0.00,0.00,0.00,,0.00,0.00,,,,,0.00,0.00,0.00,0.00,,0.00,0.00,,,,,0.00,0.00,0.00,0.00,,0.00,0.00,,,,,0.00,0.00,0.00,0.00,,0.00,0.00,,,,,0.00,0.00,0.00,0.00
